,Unnamed: 0,Rk,Team,G,MP,FG,FGA,FG%,3P,3PA,3P%,2P,2PA,2P%,FT,FTA,FT%,ORB,DRB,TRB,AST,STL,BLK,TOV,PF,PTS,W/L%,Region,Year,3P_Rate,TopTeamThisYear?,best_pts,top_pts_sum,best_ast,top_ast_sum,best_per,top_per_avg,age,Year_Bin,Status,best_pts_scaled,top_pts_sum_scaled,best_ast_scaled,top_ast_sum_scaled
0,12,18.0,Chicago Bulls*,66,241.5,37.4,82.8,0.452,6.3,16.9,0.375,31.0,65.8,0.471,15.2,21.1,0.722,13.9,32.8,46.7,23.1,6.9,5.9,14.0,17.3,96.3,0.758,East,2012,0.2041062801932367,True,21.8,52.1,7.9,15.0,23.0,20.77,27.44,2012-2014,Playoffs,0.22637590861889928,0.5410176531671859,0.341991341991342,0.6493506493506493
1,28,2.0,San Antonio Spurs*,66,241.5,39.6,82.8,0.478,8.4,21.3,0.393,31.2,61.5,0.507,16.2,21.6,0.748,10.3,32.6,43.0,23.2,7.4,4.4,13.6,17.3,103.7,0.758,West,2012,0.2572463768115942,True,18.3,46.6,7.7,14.500000000000002,24.1,22.87,28.0,2012-2014,Playoffs,0.17647058823529413,0.4493731918997107,0.33189655172413796,0.6250000000000001
2,27,3.0,Oklahoma City Thunder*,66,242.3,37.3,79.2,0.471,7.2,20.0,0.358,30.2,59.3,0.509,21.3,26.4,0.806,11.0,32.7,43.7,18.5,7.5,8.2,16.3,20.5,103.1,0.712,West,2012,0.2525252525252525,True,28.0,68.4,5.5,12.7,26.2,23.4,26.0,2012-2014,Playoffs,0.27158098933074687,0.6634335596508245,0.2972972972972973,0.6864864864864865
3,23,7.0,Miami Heat*,66,243.0,37.1,79.0,0.469,5.6,15.6,0.359,31.5,63.4,0.496,18.8,24.2,0.775,10.4,31.2,41.6,20.0,8.9,5.4,15.2,19.4,98.5,0.697,East,2012,0.1974683544303797,True,27.1,67.2,6.2,14.3,30.7,25.3,28.5,2012-2014,Playoffs,0.2751269035532995,0.6822335025380711,0.31,0.7150000000000001
4,17,13.0,Indiana Pacers*,66,242.3,35.7,81.4,0.438,5.9,16.1,0.368,29.7,65.3,0.455,20.4,26.1,0.782,12.5,31.4,43.9,18.6,7.9,5.4,14.0,21.7,97.7,0.636,East,2012,0.1977886977886978,True,18.7,44.3,4.8,10.1,19.3,18.57,26.67,2012-2014,Playoffs,0.19140225179119752,0.4534288638689867,0.25806451612903225,0.543010752688172
5,15,15.0,Los Angeles Lakers*,66,243.4,36.8,80.6,0.457,5.5,16.8,0.326,31.3,63.7,0.491,18.2,24.1,0.756,12.1,34.1,46.2,22.5,5.9,5.3,15.1,16.8,97.3,0.621,West,2012,0.2084367245657568,True,27.9,63.99999999999999,6.2,14.4,22.9,21.73,29.0,2012-2014,Playoffs,0.2867420349434738,0.65775950668037,0.27555555555555555,0.64
6,10,20.0,Memphis Grizzlies*,66,241.5,36.7,82.2,0.447,4.2,12.9,0.326,32.5,69.3,0.47,17.3,22.8,0.759,12.6,29.5,42.0,19.5,9.6,5.2,14.5,19.9,95.0,0.621,West,2012,0.156934306569343,True,19.0,46.3,6.5,12.2,18.4,18.03,25.67,2012-2014,Playoffs,0.2,0.48736842105263156,0.3333333333333333,0.6256410256410256
7,13,17.0,Atlanta Hawks*,66,244.9,36.8,81.0,0.454,7.5,20.2,0.37,29.3,60.9,0.482,15.5,21.0,0.74,9.9,31.3,41.2,22.4,8.1,4.6,14.0,17.8,96.6,0.606,East,2012,0.2493827160493827,True,18.8,50.2,4.9,12.7,21.1,19.5,27.91,2012-2014,Playoffs,0.1946169772256729,0.5196687370600415,0.21875000000000003,0.5669642857142857
8,16,14.0,Los Angeles Clippers*,66,241.9,37.0,81.3,0.455,7.8,21.8,0.357,29.2,59.5,0.49,15.8,23.3,0.68,12.1,29.4,41.6,21.0,8.4,4.8,13.3,21.2,97.5,0.606,West,2012,0.2681426814268143,True,20.7,55.5,9.1,16.3,27.0,22.27,28.22,2012-2014,Playoffs,0.2123076923076923,0.5692307692307692,0.4333333333333333,0.7761904761904762
9,4,26.0,Boston Celtics*,66,241.5,35.5,77.1,0.46,5.5,15.0,0.367,30.0,62.1,0.483,15.4,19.8,0.778,7.7,31.1,38.8,23.6,7.5,5.5,14.8,19.9,91.8,0.591,East,2012,0.1945525291828793,False,19.4,49.400000000000006,11.7,19.1,20.4,19.17,29.78,2012-2014,Playoffs,0.21132897603485837,0.5381263616557735,0.49576271186440674,0.8093220338983051
10,29,1.0,Denver Nuggets*,66,243.0,39.0,81.9,0.476,6.6,19.9,0.332,32.4,62.0,0.522,19.6,26.7,0.735,11.2,31.9,43.1,24.0,8.2,5.0,15.4,19.7,104.1,0.576,West,2012,0.2429792429792429,False,16.4,46.2,6.7,16.0,21.9,20.6,26.36,2012-2014,Playoffs,0.1575408261287224,0.44380403458213263,0.2791666666666667,0.6666666666666666
11,9,21.0,Orlando Magic*,66,241.9,34.5,78.2,0.441,10.2,27.0,0.375,24.3,51.2,0.475,15.1,22.8,0.66,11.2,31.2,42.5,20.0,6.8,4.2,14.9,17.7,94.2,0.561,East,2012,0.3452685421994885,False,20.6,48.6,5.7,12.6,24.2,20.17,28.22,2012-2014,Playoffs,0.21868365180467092,0.5159235668789809,0.28500000000000003,0.63
12,18,12.0,New York Knicks*,66,241.5,35.8,80.8,0.443,7.8,23.3,0.336,28.0,57.5,0.487,18.3,24.8,0.741,11.3,30.5,41.7,20.1,9.4,4.2,16.0,21.1,97.8,0.545,East,2012,0.2883663366336634,False,22.6,54.7,6.2,14.5,21.1,19.9,26.42,2012-2014,Playoffs,0.2310838445807771,0.5593047034764826,0.30845771144278605,0.7213930348258706
13,11,19.0,Dallas Mavericks*,66,243.4,36.3,82.0,0.443,7.5,22.2,0.339,28.8,59.8,0.482,15.6,20.2,0.771,10.1,32.7,42.8,20.9,8.6,5.1,14.0,18.6,95.8,0.545,West,2012,0.2707317073170732,False,21.6,47.3,5.5,12.3,21.7,19.67,30.64,2012-2014,Playoffs,0.22546972860125264,0.49373695198329853,0.26315789473684215,0.5885167464114833
14,26,4.0,Utah Jazz*,66,244.9,38.2,83.8,0.456,4.1,12.8,0.323,34.1,71.0,0.48,19.1,25.3,0.754,13.0,31.1,44.2,21.8,8.3,5.8,14.2,21.8,99.7,0.545,West,2012,0.152744630071599,False,19.2,47.6,5.0,12.4,22.8,20.57,26.27,2012-2014,Playoffs,0.19257773319959878,0.477432296890672,0.2293577981651376,0.5688073394495413
15,7,23.0,Philadelphia 76ers*,66,241.1,37.4,83.6,0.448,5.3,14.6,0.362,32.2,69.0,0.466,13.5,18.2,0.742,10.7,32.5,43.2,22.0,8.0,5.2,11.2,17.5,93.6,0.53,East,2012,0.1746411483253588,False,14.9,41.2,5.5,13.5,20.2,19.07,24.18,2012-2014,Playoffs,0.1591880341880342,0.4401709401709402,0.25,0.6136363636363636
30,25,5.0,Miami Heat*,82,242.4,38.4,77.4,0.496,8.7,22.1,0.396,29.6,55.4,0.536,17.4,23.0,0.754,8.2,30.4,38.6,23.0,8.7,5.4,13.9,18.7,102.9,0.805,East,2013,0.2855297157622739,True,26.8,64.6,7.3,15.9,31.6,25.2,30.22,2012-2014,Playoffs,0.26044703595724006,0.6277939747327501,0.3173913043478261,0.691304347826087
31,27,3.0,Oklahoma City Thunder*,82,241.8,38.1,79.3,0.481,7.3,19.4,0.377,30.8,60.0,0.514,22.2,26.8,0.828,10.4,33.2,43.6,21.4,8.3,7.6,15.3,20.2,105.7,0.732,West,2013,0.244640605296343,True,28.1,65.3,7.4,13.5,28.3,23.87,26.86,2012-2014,Playoffs,0.26584673604541154,0.6177861873226111,0.3457943925233645,0.6308411214953271
32,26,4.0,San Antonio Spurs*,82,242.4,39.1,81.4,0.481,8.1,21.5,0.376,31.1,59.9,0.519,16.6,21.0,0.791,8.1,33.2,41.3,25.1,8.5,5.4,14.7,17.4,103.0,0.707,West,2013,0.2641277641277641,True,20.3,50.0,7.6,14.9,24.4,22.13,29.67,2012-2014,Playoffs,0.19708737864077672,0.4854368932038835,0.3027888446215139,0.5936254980079682
33,29,1.0,Denver Nuggets*,82,242.7,40.7,85.2,0.478,6.4,18.5,0.343,34.4,66.6,0.516,18.4,26.2,0.701,13.3,31.7,45.0,24.4,9.3,6.5,15.3,20.5,106.1,0.695,West,2013,0.2171361502347417,True,16.7,45.9,6.9,18.200000000000003,20.7,19.03,26.22,2012-2014,Playoffs,0.15739868049010367,0.43261074458058435,0.2827868852459017,0.7459016393442625
34,4,26.0,Memphis Grizzlies*,82,241.5,36.1,81.5,0.444,4.7,13.5,0.345,31.5,68.0,0.463,16.5,21.3,0.773,12.9,29.8,42.7,20.9,8.6,5.3,14.0,20.2,93.4,0.683,West,2013,0.1656441717791411,True,17.2,47.2,6.1,13.4,19.5,18.57,26.64,2012-2014,Playoffs,0.18415417558886507,0.5053533190578159,0.291866028708134,0.6411483253588517
35,22,8.0,Los Angeles Clippers*,82,240.6,38.5,80.6,0.478,7.6,21.4,0.358,30.9,59.2,0.522,16.4,23.0,0.711,11.4,30.2,41.6,23.9,9.6,5.6,14.6,20.9,101.1,0.683,West,2013,0.2655086848635236,True,18.0,51.4,9.7,16.5,26.4,22.1,30.27,2012-2014,Playoffs,0.17804154302670624,0.5084075173095944,0.40585774058577406,0.690376569037657
36,19,11.0,New York Knicks*,82,240.6,36.5,81.6,0.448,10.9,28.9,0.376,25.7,52.7,0.487,16.0,21.1,0.759,10.9,29.7,40.6,19.3,8.2,3.6,12.0,20.1,100.0,0.659,East,2013,0.3541666666666667,True,28.7,61.0,5.5,11.8,24.8,21.93,30.07,2012-2014,Playoffs,0.287,0.61,0.2849740932642487,0.61139896373057
37,7,23.0,Indiana Pacers*,81,241.9,35.1,80.6,0.436,6.9,19.7,0.347,28.3,60.8,0.465,17.6,23.6,0.746,12.9,33.0,45.9,20.3,7.2,6.3,15.1,20.0,94.7,0.605,East,2013,0.2444168734491315,True,17.4,48.7,4.7,11.7,20.1,18.07,25.89,2012-2014,Playoffs,0.1837381203801478,0.5142555438225976,0.2315270935960591,0.5763546798029556
38,13,17.0,Brooklyn Nets*,82,242.1,35.9,79.8,0.45,7.7,21.5,0.357,28.2,58.3,0.484,17.5,23.9,0.731,12.8,30.0,42.8,20.3,7.3,4.8,14.7,18.3,96.9,0.598,East,2013,0.2694235588972431,False,19.4,54.6,7.7,13.8,24.7,22.3,28.67,2012-2014,Playoffs,0.20020639834881318,0.5634674922600619,0.3793103448275862,0.6798029556650247
39,23,7.0,Golden State Warriors*,82,241.5,38.2,83.4,0.458,8.0,19.9,0.403,30.1,63.5,0.475,16.8,21.3,0.79,10.8,34.2,45.0,22.5,6.9,4.2,15.1,21.4,101.2,0.573,West,2013,0.2386091127098321,False,22.9,58.0,6.9,16.0,21.3,19.33,25.86,2012-2014,Playoffs,0.22628458498023712,0.5731225296442688,0.3066666666666667,0.7111111111111111
40,28,2.0,Houston Rockets*,82,241.2,38.1,82.7,0.461,10.6,28.9,0.366,27.5,53.8,0.511,19.2,25.5,0.754,11.1,32.3,43.4,23.2,8.3,4.4,16.4,20.3,106.0,0.549,West,2013,0.3494558645707376,False,25.9,54.8,6.1,15.4,23.0,18.2,25.09,2012-2014,Playoffs,0.2443396226415094,0.5169811320754717,0.2629310344827586,0.6637931034482759
41,0,29.0,Chicago Bulls*,82,241.8,35.7,81.7,0.437,5.4,15.4,0.353,30.2,66.3,0.456,16.4,21.2,0.773,12.5,30.7,43.2,23.0,7.2,5.1,14.3,19.7,93.2,0.549,East,2013,0.1884944920440636,False,16.5,45.8,5.2,13.6,18.1,17.53,28.33,2012-2014,Playoffs,0.17703862660944206,0.4914163090128755,0.22608695652173913,0.591304347826087
42,24,6.0,Los Angeles Lakers*,82,240.9,37.1,81.0,0.458,8.7,24.6,0.355,28.4,56.4,0.503,19.3,27.9,0.692,11.5,33.3,44.8,22.2,7.0,5.2,15.0,17.9,102.2,0.549,West,2013,0.3037037037037037,False,27.3,58.10000000000001,6.7,16.799999999999997,23.0,20.3,30.64,2012-2014,Playoffs,0.2671232876712329,0.5684931506849316,0.30180180180180183,0.7567567567567567
43,17,14.0,Atlanta Hawks*,82,242.1,37.6,81.0,0.464,8.6,23.2,0.371,29.0,57.8,0.501,14.1,19.7,0.715,9.2,31.6,40.9,24.5,8.1,4.5,14.9,18.0,98.0,0.537,East,2013,0.2864197530864197,False,17.5,49.5,7.2,15.0,19.8,18.1,28.18,2012-2014,Playoffs,0.17857142857142858,0.5051020408163265,0.2938775510204082,0.6122448979591837
45,11,18.0,Boston Celtics*,81,244.9,37.0,79.7,0.465,6.1,17.2,0.358,30.9,62.6,0.494,16.3,21.0,0.776,8.1,31.3,39.3,22.8,8.2,4.5,14.6,21.2,96.5,0.506,East,2013,0.2158092848180677,False,18.6,47.10000000000001,11.1,18.4,19.2,18.8,27.8,2012-2014,Playoffs,0.1927461139896373,0.48808290155440426,0.48684210526315785,0.8070175438596491
47,18,12.0,Milwaukee Bucks*,82,241.8,38.1,87.8,0.435,7.3,20.4,0.36,30.8,67.4,0.457,15.3,20.7,0.736,13.0,30.9,44.0,22.9,8.4,6.7,14.1,19.0,98.9,0.463,East,2013,0.2323462414578587,False,19.2,49.900000000000006,6.5,16.0,18.7,18.53,27.55,2012-2014,Playoffs,0.1941354903943377,0.5045500505561173,0.2838427947598253,0.6986899563318778
60,24,6.0,San Antonio Spurs*,82,240.9,40.6,83.5,0.486,8.5,21.4,0.397,32.0,62.0,0.517,15.7,20.0,0.785,9.3,34.0,43.3,25.2,7.4,5.1,14.4,18.2,105.4,0.756,West,2014,0.2562874251497006,True,16.7,44.6,5.7,13.0,21.3,20.23,28.9,2012-2014,Playoffs,0.15844402277039846,0.42314990512333966,0.2261904761904762,0.5158730158730159
61,25,5.0,Oklahoma City Thunder*,82,241.5,39.0,82.7,0.471,8.1,22.4,0.361,30.9,60.3,0.512,20.2,25.0,0.806,10.8,33.9,44.7,21.9,8.3,6.1,15.3,22.7,106.2,0.72,West,2014,0.2708585247883917,True,32.0,68.89999999999999,6.9,16.5,29.8,24.7,28.1,2012-2014,Playoffs,0.3013182674199623,0.6487758945386063,0.31506849315068497,0.7534246575342466
62,29,1.0,Los Angeles Clippers*,82,240.9,39.1,82.5,0.474,8.5,24.0,0.352,30.7,58.5,0.525,21.2,29.1,0.73,10.5,32.5,43.0,24.6,8.6,4.8,13.9,21.5,107.9,0.695,West,2014,0.2909090909090909,True,24.1,61.8,10.7,18.3,25.9,22.67,28.8,2012-2014,Playoffs,0.22335495829471733,0.5727525486561631,0.43495934959349586,0.7439024390243902
63,6,24.0,Indiana Pacers*,82,241.2,36.0,80.2,0.449,6.7,18.8,0.357,29.3,61.4,0.477,18.1,23.3,0.779,10.2,34.5,44.7,20.1,6.7,5.4,15.1,20.4,96.7,0.683,East,2014,0.2344139650872818,True,21.7,49.5,4.6,11.6,20.1,19.17,27.55,2012-2014,Playoffs,0.22440537745604963,0.5118924508790073,0.22885572139303478,0.5771144278606964
64,18,12.0,Miami Heat*,82,242.4,38.3,76.5,0.501,8.1,22.3,0.364,30.2,54.2,0.558,17.5,23.0,0.76,7.6,29.2,36.9,22.5,8.9,4.5,14.8,19.5,102.2,0.659,East,2014,0.2915032679738562,True,27.1,62.3,6.3,15.9,29.3,23.43,30.55,2012-2014,Playoffs,0.2651663405088063,0.6095890410958904,0.27999999999999997,0.7066666666666667
65,26,4.0,Portland Trail Blazers*,82,242.1,39.1,87.0,0.45,9.4,25.3,0.372,29.7,61.7,0.481,19.1,23.5,0.815,12.5,34.0,46.4,23.2,5.5,4.7,13.7,19.2,106.7,0.659,West,2014,0.2908045977011494,True,23.2,60.3,5.6,15.0,21.8,19.37,26.5,2012-2014,Playoffs,0.21743205248359887,0.5651358950328023,0.24137931034482757,0.646551724137931
66,28,2.0,Houston Rockets*,82,241.8,38.0,80.5,0.472,9.5,26.6,0.358,28.5,54.0,0.529,22.1,31.1,0.712,11.2,34.1,45.3,21.4,7.6,5.6,16.1,20.4,107.7,0.659,West,2014,0.3304347826086957,True,25.4,60.3,6.1,14.2,23.5,21.3,25.79,2012-2014,Playoffs,0.23584029712163415,0.5598885793871866,0.2850467289719626,0.6635514018691588
67,20,10.0,Golden State Warriors*,82,241.8,39.5,85.4,0.462,9.4,24.8,0.38,30.0,60.6,0.496,15.9,21.1,0.753,10.9,34.4,45.3,23.3,7.8,5.0,15.2,21.8,104.3,0.622,West,2014,0.2903981264637002,True,24.0,60.6,8.5,16.3,24.1,20.07,27.4,2012-2014,Playoffs,0.23010546500479387,0.5810162991371045,0.3648068669527897,0.6995708154506438
68,3,27.0,Memphis Grizzlies*,82,241.5,38.1,82.0,0.464,4.9,14.0,0.353,33.1,68.0,0.487,15.1,20.3,0.741,11.6,30.8,42.4,21.9,7.7,4.6,13.7,19.1,96.1,0.61,West,2014,0.1707317073170731,False,17.4,49.2,6.0,12.5,20.0,18.93,27.77,2012-2014,Playoffs,0.18106139438085328,0.5119667013527576,0.27397260273972607,0.5707762557077626
69,22,8.0,Dallas Mavericks*,82,241.8,39.6,83.6,0.474,8.8,22.9,0.384,30.8,60.7,0.508,16.8,21.1,0.795,10.2,30.7,40.9,23.6,8.6,4.3,13.5,20.0,104.8,0.598,West,2014,0.2739234449760765,False,21.7,52.6,5.7,14.9,23.6,21.47,30.2,2012-2014,Playoffs,0.20706106870229007,0.5019083969465649,0.24152542372881355,0.6313559322033898
70,17,13.0,Toronto Raptors*,82,243.4,36.5,81.9,0.445,8.7,23.4,0.372,27.8,58.5,0.475,19.6,25.1,0.782,11.4,31.1,42.5,21.2,7.0,4.2,14.1,23.0,101.3,0.585,East,2014,0.2857142857142857,False,22.7,59.99999999999999,7.4,15.1,20.1,18.23,26.0,2012-2014,Playoffs,0.2240868706811451,0.5923000987166831,0.34905660377358494,0.7122641509433962
71,0,30.0,Chicago Bulls*,82,243.0,34.7,80.2,0.432,6.2,17.8,0.348,28.5,62.4,0.456,18.1,23.3,0.779,11.4,32.7,44.1,22.7,7.2,5.2,14.9,19.1,93.7,0.585,East,2014,0.2219451371571072,False,19.0,49.8,5.4,14.7,20.0,17.93,27.9,2012-2014,Playoffs,0.20277481323372465,0.5314834578441835,0.2378854625550661,0.6475770925110133
73,14,16.0,Washington Wizards*,82,244.6,38.7,84.4,0.459,7.9,20.8,0.38,30.9,63.6,0.485,15.3,20.9,0.731,10.8,31.4,42.2,23.3,8.1,4.6,14.7,20.4,100.7,0.537,East,2014,0.2464454976303317,False,19.3,50.8,8.8,15.000000000000002,19.5,18.5,27.67,2012-2014,Playoffs,0.1916583912611718,0.5044687189672293,0.3776824034334764,0.6437768240343348
74,9,21.0,Brooklyn Nets*,82,242.4,35.7,77.9,0.459,8.6,23.4,0.369,27.1,54.5,0.497,18.4,24.4,0.753,8.8,29.4,38.1,20.9,8.6,3.8,14.5,21.7,98.5,0.537,East,2014,0.300385109114249,False,20.7,50.8,6.1,12.0,25.4,21.07,29.64,2012-2014,Playoffs,0.21015228426395938,0.515736040609137,0.291866028708134,0.5741626794258373
75,7,23.0,Charlotte Bobcats*,82,242.7,36.3,82.1,0.442,6.3,17.9,0.351,30.0,64.1,0.468,18.0,24.4,0.737,9.5,33.2,42.7,21.7,6.1,5.1,12.3,18.2,96.9,0.524,East,2014,0.2180267965895249,False,21.8,53.5,6.1,14.099999999999998,22.7,18.03,26.0,2012-2014,Playoffs,0.22497420020639836,0.5521155830753354,0.28110599078341014,0.6497695852534562
77,15,14.0,Atlanta Hawks*,82,241.8,37.3,81.6,0.458,9.4,25.8,0.363,28.0,55.8,0.502,17.0,21.7,0.781,8.7,31.3,40.0,24.9,8.3,4.0,15.3,19.2,101.0,0.463,East,2014,0.3161764705882353,False,18.6,53.0,6.7,13.9,22.0,19.63,28.0,2012-2014,Playoffs,0.18415841584158418,0.5247524752475248,0.26907630522088355,0.5582329317269077
90,29,1.0,Golden State Warriors*,82,240.6,41.6,87.0,0.478,10.8,27.0,0.398,30.8,60.0,0.514,16.0,20.8,0.768,10.4,34.3,44.7,27.4,9.3,6.0,14.5,19.9,110.0,0.817,West,2015,0.3103448275862069,True,23.8,57.2,7.7,14.7,28.0,22.77,27.11,2015-2017,Playoffs,0.21636363636363637,0.52,0.281021897810219,0.5364963503649635
91,20,10.0,Atlanta Hawks*,82,240.6,38.1,81.7,0.466,10.0,26.2,0.38,28.1,55.5,0.506,16.5,21.2,0.778,8.7,31.8,40.6,25.7,9.1,4.6,14.2,17.8,102.5,0.732,East,2015,0.3206854345165238,True,16.7,47.8,7.0,14.3,21.4,20.67,27.45,2015-2017,Playoffs,0.1629268292682927,0.4663414634146341,0.27237354085603116,0.556420233463035
92,24,6.0,Houston Rockets*,82,241.5,37.0,83.3,0.444,11.4,32.7,0.348,25.6,50.6,0.506,18.6,26.0,0.715,11.7,32.0,43.7,22.2,9.5,5.0,16.7,22.0,103.9,0.683,West,2015,0.3925570228091237,True,27.4,56.0,7.0,13.2,26.7,21.4,27.83,2015-2017,Playoffs,0.26371511068334935,0.5389797882579404,0.3153153153153153,0.5945945945945946
93,28,2.0,Los Angeles Clippers*,82,240.6,39.4,83.3,0.473,10.1,26.9,0.376,29.3,56.4,0.519,17.9,25.2,0.71,9.6,33.1,42.6,24.8,7.8,5.0,12.3,21.3,106.7,0.683,West,2015,0.3229291716686674,True,21.9,57.4,10.2,18.0,26.0,23.27,28.25,2015-2017,Playoffs,0.20524835988753512,0.5379568884723523,0.41129032258064513,0.7258064516129032
94,10,20.0,Memphis Grizzlies*,82,242.7,37.8,82.5,0.458,5.2,15.2,0.339,32.6,67.3,0.485,17.6,22.8,0.773,10.4,32.1,42.6,21.7,8.5,4.2,13.3,19.1,98.3,0.671,West,2015,0.1842424242424242,True,17.4,49.3,5.4,12.0,21.7,19.93,30.45,2015-2017,Playoffs,0.1770091556459817,0.5015259409969481,0.24884792626728114,0.5529953917050692
95,23,7.0,San Antonio Spurs*,82,243.4,39.1,83.6,0.468,8.3,22.5,0.367,30.9,61.1,0.505,16.7,21.4,0.78,9.8,33.8,43.6,24.4,8.0,5.4,14.0,19.1,103.2,0.671,West,2015,0.2691387559808613,True,16.5,44.8,4.9,12.1,22.6,21.17,29.45,2015-2017,Playoffs,0.15988372093023256,0.4341085271317829,0.20081967213114757,0.4959016393442623
96,22,8.0,Cleveland Cavaliers*,82,241.2,37.7,82.2,0.458,10.1,27.5,0.367,27.6,54.7,0.504,17.7,23.6,0.751,11.1,31.9,43.0,22.1,7.4,4.1,14.3,18.4,103.1,0.646,East,2015,0.3345498783454987,True,25.3,63.4,7.4,15.6,25.9,22.07,27.0,2015-2017,Playoffs,0.24539282250242486,0.6149369544131911,0.334841628959276,0.7058823529411764
97,21,9.0,Portland Trail Blazers*,82,242.1,38.7,86.0,0.45,9.8,27.2,0.362,28.9,58.8,0.491,15.5,19.4,0.801,10.7,35.1,45.9,21.9,6.4,4.5,13.6,18.2,102.8,0.622,West,2015,0.3162790697674418,True,23.4,60.3,6.2,14.6,22.8,20.27,27.3,2015-2017,Playoffs,0.22762645914396887,0.5865758754863813,0.28310502283105027,0.6666666666666667
98,15,15.0,Chicago Bulls*,82,242.4,36.6,82.9,0.442,7.9,22.3,0.353,28.7,60.6,0.474,19.7,25.2,0.783,11.7,34.0,45.7,21.7,6.3,5.8,14.0,18.2,100.8,0.61,East,2015,0.2689987937273824,False,20.0,56.2,4.9,12.900000000000002,22.7,20.63,28.7,2015-2017,Playoffs,0.19841269841269843,0.5575396825396826,0.22580645161290325,0.5944700460829494
99,27,3.0,Dallas Mavericks*,82,242.4,39.7,85.8,0.463,8.9,25.4,0.352,30.8,60.4,0.509,16.9,22.5,0.752,10.5,31.8,42.3,22.5,8.1,4.5,13.0,20.0,105.2,0.61,West,2015,0.296037296037296,False,18.9,51.900000000000006,6.5,14.7,25.7,22.7,30.08,2015-2017,Playoffs,0.17965779467680607,0.49334600760456276,0.28888888888888886,0.6533333333333333
100,25,5.0,Toronto Raptors*,82,242.1,37.9,83.3,0.455,8.9,25.1,0.352,29.0,58.2,0.499,19.3,24.6,0.787,10.7,30.8,41.5,20.7,7.5,4.4,12.9,20.9,104.0,0.598,East,2015,0.3013205282112845,False,20.1,53.400000000000006,6.8,14.0,20.6,19.93,25.89,2015-2017,Playoffs,0.19326923076923078,0.5134615384615385,0.3285024154589372,0.6763285024154589
101,13,17.0,Washington Wizards*,82,243.4,38.3,82.8,0.462,6.1,16.8,0.36,32.2,66.0,0.488,15.9,21.4,0.742,10.5,34.2,44.7,24.0,7.3,4.6,15.0,20.8,98.5,0.561,East,2015,0.2028985507246377,False,17.6,45.10000000000001,10.0,16.2,19.9,17.83,28.64,2015-2017,Playoffs,0.1786802030456853,0.45786802030456863,0.4166666666666667,0.6749999999999999
103,14,16.0,New Orleans Pelicans*,82,241.2,37.9,82.9,0.457,7.1,19.3,0.37,30.8,63.6,0.484,16.4,21.8,0.751,11.5,32.0,43.5,22.0,6.7,6.2,13.3,18.7,99.4,0.549,West,2015,0.2328106151990349,False,24.4,55.8,6.9,17.3,30.8,22.43,25.1,2015-2017,Playoffs,0.24547283702213277,0.5613682092555331,0.31363636363636366,0.7863636363636364
104,7,23.0,Milwaukee Bucks*,82,243.0,37.6,82.0,0.459,6.6,18.3,0.363,31.0,63.7,0.486,16.0,21.1,0.757,10.7,31.4,42.1,23.6,9.6,4.9,16.7,22.1,97.8,0.5,East,2015,0.223170731707317,False,17.8,45.3,5.6,14.0,18.5,17.77,24.69,2015-2017,Playoffs,0.18200408997955012,0.46319018404907975,0.23728813559322032,0.5932203389830508
105,17,13.0,Boston Celtics*,82,242.4,38.9,87.9,0.443,8.0,24.6,0.327,30.9,63.3,0.488,15.4,20.5,0.754,11.1,32.7,43.8,24.5,8.2,3.6,13.8,21.2,101.4,0.488,East,2015,0.2798634812286689,False,19.0,50.5,10.8,21.8,22.3,19.7,26.27,2015-2017,Playoffs,0.18737672583826429,0.4980276134122288,0.44081632653061226,0.889795918367347
107,9,21.0,Brooklyn Nets*,82,243.0,37.4,83.0,0.451,6.6,19.9,0.331,30.8,63.1,0.489,16.6,22.2,0.748,10.3,32.0,42.4,20.9,7.0,4.1,13.8,19.3,98.0,0.463,East,2015,0.2397590361445783,False,17.2,45.400000000000006,6.6,15.0,22.7,19.27,28.17,2015-2017,Playoffs,0.17551020408163265,0.46326530612244904,0.3157894736842105,0.7177033492822967
120,29,1.0,Golden State Warriors*,82,242.4,42.5,87.3,0.487,13.1,31.6,0.416,29.4,55.7,0.528,16.7,21.8,0.763,10.0,36.2,46.2,28.9,8.4,6.1,15.2,20.7,114.9,0.89,West,2016,0.3619702176403208,True,30.1,66.2,7.4,17.5,31.5,23.13,28.0,2015-2017,Playoffs,0.2619669277632724,0.5761531766753699,0.25605536332179935,0.6055363321799309
121,20,10.0,San Antonio Spurs*,82,240.3,40.1,82.9,0.484,7.0,18.5,0.375,33.2,64.4,0.515,16.4,20.4,0.803,9.4,34.5,43.9,24.5,8.3,5.9,13.1,17.5,103.5,0.817,West,2016,0.2231604342581423,True,21.2,51.1,5.3,11.2,26.0,22.07,31.0,2015-2017,Playoffs,0.20483091787439614,0.49371980676328503,0.21632653061224488,0.45714285714285713
122,22,8.0,Cleveland Cavaliers*,82,242.1,38.7,84.0,0.46,10.7,29.6,0.362,27.9,54.4,0.514,16.3,21.7,0.748,10.6,33.9,44.5,22.7,6.7,3.9,13.6,20.3,104.3,0.695,East,2016,0.3523809523809524,True,25.3,60.900000000000006,6.8,15.9,27.5,22.13,29.08,2015-2017,Playoffs,0.2425695110258869,0.5838926174496645,0.29955947136563876,0.7004405286343612
123,16,13.0,Toronto Raptors*,82,241.2,36.7,81.3,0.451,8.6,23.4,0.37,28.0,58.0,0.483,20.8,26.7,0.777,10.2,33.2,43.4,18.7,7.8,5.5,13.1,19.6,102.7,0.683,East,2016,0.2878228782287823,True,23.5,57.5,6.4,13.5,22.6,22.07,26.91,2015-2017,Playoffs,0.2288218111002921,0.5598831548198636,0.34224598930481287,0.7219251336898396
124,28,2.0,Oklahoma City Thunder*,82,241.8,41.1,86.4,0.476,8.3,23.7,0.349,32.9,62.6,0.524,19.7,25.2,0.782,13.1,35.6,48.6,23.0,7.4,5.9,15.9,20.6,110.2,0.671,West,2016,0.2743055555555555,True,28.2,64.4,10.4,17.4,28.2,26.6,25.89,2015-2017,Playoffs,0.2558983666061706,0.5843920145190563,0.45217391304347826,0.7565217391304347
125,23,7.0,Los Angeles Clippers*,82,241.8,38.3,82.4,0.465,9.7,26.7,0.364,28.6,55.7,0.513,18.2,26.2,0.692,8.8,33.3,42.0,22.8,8.6,5.6,13.0,21.3,104.5,0.646,West,2016,0.3240291262135922,True,21.4,57.2,10.0,17.2,26.2,22.97,29.18,2015-2017,Playoffs,0.2047846889952153,0.5473684210526316,0.43859649122807015,0.7543859649122806
126,7,23.0,Miami Heat*,82,241.8,38.4,81.7,0.47,6.1,18.0,0.336,32.3,63.6,0.508,17.1,23.0,0.744,9.8,34.3,44.1,20.8,6.7,6.5,14.1,18.3,100.0,0.585,East,2016,0.2203182374541003,True,19.1,52.3,5.8,13.999999999999998,25.7,22.07,28.33,2015-2017,Playoffs,0.191,0.523,0.27884615384615385,0.673076923076923
127,25,5.0,Boston Celtics*,82,241.2,39.2,89.2,0.439,8.7,26.1,0.335,30.5,63.1,0.483,18.5,23.5,0.788,11.6,33.3,44.9,24.2,9.2,4.2,13.7,21.9,105.7,0.585,East,2016,0.2926008968609865,True,22.2,51.6,6.2,13.6,21.5,18.17,25.9,2015-2017,Playoffs,0.21002838221381268,0.4881740775780511,0.25619834710743805,0.5619834710743802
128,19,11.0,Charlotte Hornets*,82,242.1,37.0,84.4,0.439,10.6,29.4,0.362,26.4,55.0,0.479,18.7,23.7,0.79,9.0,35.0,43.9,21.7,7.3,5.3,12.6,18.1,103.4,0.585,East,2016,0.3483412322274881,True,20.9,48.5,5.8,14.0,20.8,18.63,25.75,2015-2017,Playoffs,0.20212765957446807,0.4690522243713733,0.2672811059907834,0.6451612903225806
129,18,12.0,Atlanta Hawks*,82,241.8,38.6,84.4,0.458,9.9,28.4,0.35,28.7,56.1,0.512,15.6,20.0,0.783,8.3,33.8,42.1,25.6,9.1,5.9,15.0,19.1,102.8,0.585,East,2016,0.3364928909952606,True,17.1,48.0,5.9,13.6,21.3,19.53,28.0,2015-2017,Playoffs,0.1663424124513619,0.4669260700389105,0.23046875,0.53125
130,13,17.0,Indiana Pacers*,82,242.4,38.3,85.2,0.45,8.1,23.0,0.351,30.2,62.1,0.486,17.4,22.8,0.764,10.3,33.9,44.2,21.2,9.0,4.8,14.9,20.0,102.2,0.549,East,2016,0.2699530516431925,False,23.1,49.00000000000001,4.7,13.2,20.9,17.97,27.1,2015-2017,Playoffs,0.226027397260274,0.4794520547945206,0.22169811320754718,0.6226415094339622
131,24,6.0,Portland Trail Blazers*,82,241.5,38.6,85.9,0.45,10.5,28.5,0.37,28.1,57.4,0.49,17.4,23.0,0.754,11.6,33.9,45.5,21.3,6.9,4.6,14.6,21.7,105.1,0.537,West,2016,0.3317811408614668,False,25.1,56.2,6.8,13.9,22.2,19.53,24.1,2015-2017,Playoffs,0.23882017126546148,0.5347288296860134,0.3192488262910798,0.6525821596244131
132,11,19.0,Detroit Pistons*,82,242.4,37.9,86.4,0.439,9.0,26.2,0.345,28.9,60.2,0.48,17.1,25.5,0.668,12.5,33.9,46.3,19.4,7.0,3.7,13.5,19.0,102.0,0.537,East,2016,0.3032407407407407,False,18.8,51.60000000000001,6.2,12.6,21.2,19.67,25.91,2015-2017,Playoffs,0.1843137254901961,0.5058823529411766,0.3195876288659794,0.6494845360824743
133,6,24.0,Memphis Grizzlies*,82,241.8,36.8,83.6,0.44,6.1,18.5,0.331,30.7,65.1,0.471,19.3,24.7,0.783,11.2,30.5,41.6,20.7,8.8,4.3,13.3,21.7,99.1,0.512,West,2016,0.2212918660287081,False,16.6,47.2,6.1,13.7,19.4,18.67,29.35,2015-2017,Playoffs,0.16750756811301717,0.4762865792129163,0.2946859903381642,0.6618357487922705
135,14,16.0,Dallas Mavericks*,82,244.0,37.4,84.1,0.444,9.8,28.6,0.344,27.5,55.6,0.495,17.7,22.3,0.794,9.2,33.9,43.1,22.1,6.8,3.7,12.8,19.5,102.3,0.512,West,2016,0.3400713436385256,False,18.3,46.1,5.8,13.499999999999998,24.0,19.73,31.22,2015-2017,Playoffs,0.17888563049853373,0.45063538611925713,0.2624434389140271,0.6108597285067872
137,26,4.0,Houston Rockets*,82,241.8,37.7,83.5,0.452,10.7,30.9,0.347,27.0,52.6,0.514,20.4,29.4,0.694,11.3,31.7,43.1,22.2,10.0,5.2,15.9,21.8,106.5,0.5,West,2016,0.3700598802395209,False,29.0,55.5,7.5,14.3,25.3,22.23,28.17,2015-2017,Playoffs,0.27230046948356806,0.5211267605633803,0.33783783783783783,0.6441441441441442
150,29,1.0,Golden State Warriors*,82,241.2,43.1,87.1,0.495,12.0,31.2,0.383,31.1,55.8,0.557,17.8,22.6,0.788,9.4,35.0,44.4,30.4,9.6,6.8,14.8,19.3,115.9,0.817,West,2017,0.3582089552238806,True,25.3,72.7,7.0,18.4,27.6,23.2,29.0,2015-2017,Playoffs,0.21829163071613458,0.6272648835202761,0.23026315789473686,0.6052631578947368
151,16,14.0,San Antonio Spurs*,82,241.5,39.3,83.7,0.469,9.2,23.5,0.391,30.1,60.2,0.5,17.6,22.0,0.797,10.0,33.9,43.9,23.8,8.0,5.9,13.4,18.3,105.3,0.744,West,2017,0.2807646356033452,True,25.5,55.2,4.5,11.5,27.6,22.13,30.9,2015-2017,Playoffs,0.24216524216524218,0.5242165242165242,0.18907563025210083,0.4831932773109244
152,28,2.0,Houston Rockets*,82,241.2,40.3,87.2,0.462,14.4,40.3,0.357,25.9,46.9,0.552,20.3,26.5,0.766,10.9,33.5,44.4,25.2,8.2,4.3,15.1,19.9,115.3,0.671,West,2017,0.4621559633027522,True,29.1,60.2,11.2,17.9,27.4,22.67,27.08,2015-2017,Playoffs,0.25238508239375546,0.5221162185602776,0.4444444444444444,0.7103174603174602
153,23,7.0,Boston Celtics*,82,240.9,38.6,85.1,0.454,12.0,33.4,0.359,26.6,51.7,0.515,18.7,23.2,0.807,9.1,32.9,42.0,25.2,7.5,4.1,13.3,20.6,108.0,0.646,East,2017,0.3924794359576968,True,28.9,59.2,5.9,15.5,26.5,19.83,25.6,2015-2017,Playoffs,0.2675925925925926,0.5481481481481482,0.23412698412698416,0.6150793650793651
154,2,28.0,Utah Jazz*,82,240.9,37.0,79.5,0.466,9.6,26.0,0.372,27.3,53.5,0.511,17.1,22.9,0.747,9.4,33.8,43.2,20.1,6.7,5.0,13.6,18.8,100.7,0.622,West,2017,0.3270440251572327,True,21.9,52.8,4.2,10.5,23.3,21.6,26.67,2015-2017,Playoffs,0.21747765640516384,0.5243296921549155,0.208955223880597,0.5223880597014925
155,20,10.0,Toronto Raptors*,82,241.2,39.2,84.4,0.464,8.8,24.3,0.363,30.3,60.0,0.505,19.7,24.7,0.796,10.6,32.6,43.3,18.5,8.3,4.9,12.7,20.8,106.9,0.622,East,2017,0.2879146919431279,True,27.3,63.900000000000006,7.0,14.2,24.0,22.33,26.08,2015-2017,Playoffs,0.255378858746492,0.597754911131899,0.3783783783783784,0.7675675675675675
156,24,6.0,Los Angeles Clippers*,82,240.9,39.5,83.2,0.475,10.3,27.4,0.375,29.3,55.8,0.525,19.3,26.0,0.745,9.0,34.0,43.0,22.5,7.5,4.2,13.0,19.8,108.7,0.622,West,2017,0.3293269230769231,True,21.6,54.7,9.2,16.9,26.2,23.53,29.89,2015-2017,Playoffs,0.1987120515179393,0.5032198712051518,0.40888888888888886,0.7511111111111111
157,26,4.0,Cleveland Cavaliers*,82,242.4,39.9,84.9,0.47,13.0,33.9,0.384,26.9,51.0,0.528,17.5,23.3,0.748,9.3,34.4,43.7,22.7,6.6,4.0,13.7,18.1,110.3,0.622,East,2017,0.3992932862190812,True,26.4,70.6,8.7,18.1,27.0,24.2,29.77,2015-2017,Playoffs,0.23934723481414324,0.6400725294650952,0.3832599118942731,0.7973568281938327
158,25,5.0,Washington Wizards*,82,242.1,41.3,87.0,0.475,9.2,24.8,0.372,32.1,62.3,0.515,17.3,22.1,0.784,10.3,32.6,42.9,23.9,8.5,4.1,14.2,21.3,109.2,0.598,East,2017,0.2850574712643678,False,23.1,60.2,10.7,18.9,23.2,20.2,26.5,2015-2017,Playoffs,0.21153846153846154,0.5512820512820513,0.4476987447698745,0.7907949790794979
159,19,11.0,Oklahoma City Thunder*,82,241.5,39.5,87.4,0.452,8.4,25.8,0.327,31.0,61.6,0.504,19.2,25.8,0.745,12.2,34.4,46.6,21.0,7.9,5.0,15.0,20.9,106.6,0.573,West,2017,0.2951945080091533,False,31.6,61.8,10.4,15.0,30.6,26.8,25.07,2015-2017,Playoffs,0.2964352720450282,0.5797373358348968,0.49523809523809526,0.7142857142857143
160,1,29.0,Memphis Grizzlies*,82,242.7,36.4,83.6,0.435,9.4,26.5,0.354,27.0,57.1,0.473,18.3,23.4,0.784,10.8,32.0,42.8,21.3,8.0,4.2,12.9,22.4,100.5,0.524,West,2017,0.3169856459330143,False,20.5,54.1,6.3,13.7,23.2,20.67,28.64,2015-2017,Playoffs,0.20398009950248755,0.5383084577114428,0.29577464788732394,0.6431924882629108
161,9,21.0,Atlanta Hawks*,82,242.4,38.1,84.4,0.451,8.9,26.1,0.341,29.2,58.3,0.501,18.1,24.9,0.728,10.3,34.1,44.3,23.6,8.2,4.8,15.8,18.2,103.2,0.524,East,2017,0.3092417061611374,False,18.1,50.5,6.3,12.6,20.8,18.23,28.5,2015-2017,Playoffs,0.1753875968992248,0.4893410852713178,0.26694915254237284,0.5338983050847457
162,15,15.0,Indiana Pacers*,82,242.1,39.3,84.5,0.465,8.6,23.0,0.376,30.6,61.5,0.498,17.9,22.1,0.81,9.0,33.0,42.0,22.5,8.2,5.0,13.8,19.5,105.1,0.512,East,2017,0.272189349112426,False,23.7,53.5,7.8,15.3,20.2,19.3,26.78,2015-2017,Playoffs,0.22549952426260705,0.5090390104662227,0.3466666666666667,0.68
163,10,20.0,Milwaukee Bucks*,82,241.2,38.8,81.9,0.474,8.8,23.7,0.37,30.0,58.2,0.516,17.2,22.4,0.768,8.8,31.6,40.4,24.2,8.1,5.3,14.0,20.2,103.6,0.512,East,2017,0.2893772893772893,False,22.9,57.7,5.4,14.3,26.1,22.1,26.42,2015-2017,Playoffs,0.22104247104247104,0.556949806949807,0.22314049586776863,0.5909090909090909
164,22,8.0,Portland Trail Blazers*,82,243.0,39.5,86.1,0.459,10.4,27.7,0.375,29.2,58.4,0.499,18.5,23.7,0.78,10.1,33.5,43.7,21.1,7.0,5.0,13.7,21.2,107.9,0.5,West,2017,0.321718931475029,False,27.0,65.2,5.9,13.5,24.1,21.7,24.73,2015-2017,Playoffs,0.25023169601482853,0.6042632066728453,0.2796208530805687,0.6398104265402843
165,7,23.0,Chicago Bulls*,82,241.2,38.6,87.1,0.444,7.6,22.3,0.34,31.0,64.8,0.479,18.0,22.5,0.798,12.2,34.1,46.3,22.6,7.8,4.8,13.6,17.7,102.9,0.5,East,2017,0.2560275545350172,False,23.9,53.8,6.7,16.0,25.1,19.67,26.07,2015-2017,Playoffs,0.23226433430515062,0.5228377065111759,0.29646017699115046,0.7079646017699115
180,28,2.0,Houston Rockets*,82,240.9,38.7,84.2,0.46,15.3,42.3,0.362,23.4,41.9,0.558,19.6,25.1,0.781,9.0,34.5,43.5,21.5,8.5,4.8,13.8,19.5,112.4,0.793,West,2018,0.5023752969121139,True,30.4,67.0,8.8,18.9,29.8,26.23,29.69,2018-2021,Playoffs,0.27046263345195726,0.5960854092526691,0.4093023255813954,0.8790697674418604
181,26,4.0,Toronto Raptors*,82,241.8,41.3,87.4,0.472,11.8,33.0,0.358,29.5,54.4,0.541,17.3,21.8,0.794,9.8,34.2,44.0,24.3,7.6,6.1,13.4,21.7,111.7,0.72,East,2018,0.3775743707093821,True,23.0,51.900000000000006,6.9,15.3,22.5,21.0,25.36,2018-2021,Playoffs,0.20590868397493284,0.46463742166517463,0.2839506172839506,0.6296296296296297
182,29,1.0,Golden State Warriors*,82,240.6,42.8,85.1,0.503,11.3,28.9,0.391,31.5,56.2,0.56,16.6,20.3,0.815,8.4,35.1,43.5,29.3,8.0,7.5,15.5,19.6,113.5,0.707,West,2018,0.3396004700352527,True,26.4,72.8,7.3,18.8,28.2,23.43,28.44,2018-2021,Playoffs,0.23259911894273128,0.6414096916299559,0.24914675767918087,0.6416382252559727
183,10,20.0,Boston Celtics*,82,241.5,38.3,85.1,0.45,11.5,30.4,0.377,26.9,54.7,0.491,16.0,20.7,0.771,9.4,35.1,44.5,22.5,7.4,4.5,14.0,19.7,104.0,0.671,East,2018,0.3572267920094007,True,24.4,52.8,5.1,14.599999999999998,25.0,21.87,25.1,2018-2021,Playoffs,0.23461538461538461,0.5076923076923077,0.22666666666666666,0.6488888888888888
184,23,7.0,Philadelphia 76ers*,82,241.2,40.8,86.6,0.472,11.0,29.8,0.369,29.9,56.7,0.526,17.1,22.8,0.752,10.9,36.5,47.4,27.1,8.3,5.1,16.5,22.1,109.8,0.634,East,2018,0.3441108545034642,True,22.9,55.8,8.2,16.0,22.9,20.1,25.92,2018-2021,Playoffs,0.20856102003642987,0.5081967213114754,0.30258302583025826,0.5904059040590406
185,25,5.0,Cleveland Cavaliers*,82,240.6,40.4,84.8,0.476,12.0,32.1,0.372,28.4,52.6,0.54,18.1,23.3,0.779,8.5,33.7,42.1,23.4,7.1,3.8,13.7,18.6,110.9,0.61,East,2018,0.3785377358490566,True,27.5,59.8,9.1,17.1,28.6,24.17,29.94,2018-2021,Playoffs,0.24797114517583407,0.539224526600541,0.3888888888888889,0.7307692307692308
186,14,17.0,Portland Trail Blazers*,82,240.9,39.3,87.0,0.452,10.3,28.1,0.366,29.0,58.8,0.493,16.7,20.9,0.8,10.2,35.3,45.5,19.5,7.0,5.2,13.5,19.5,105.6,0.598,West,2018,0.3229885057471264,True,26.9,62.6,6.6,12.2,25.2,20.47,25.5,2018-2021,Playoffs,0.2547348484848485,0.5928030303030304,0.3384615384615384,0.6256410256410256
187,11,19.0,Utah Jazz*,82,240.9,38.3,82.9,0.462,10.8,29.6,0.366,27.5,53.3,0.515,16.8,21.5,0.779,9.0,34.2,43.3,22.4,8.6,5.1,14.7,19.6,104.1,0.585,West,2018,0.3570566948130277,True,20.5,50.8,5.3,13.8,20.7,18.73,27.08,2018-2021,Playoffs,0.196926032660903,0.48799231508165225,0.23660714285714288,0.6160714285714286
188,13,16.0,Indiana Pacers*,82,240.9,40.8,86.4,0.472,9.0,24.5,0.369,31.8,61.9,0.513,14.9,19.2,0.779,9.6,32.7,42.3,22.2,8.8,4.1,13.3,18.8,105.6,0.585,East,2018,0.2835648148148147,True,23.1,50.10000000000001,5.3,12.8,23.1,19.8,26.33,2018-2021,Playoffs,0.21875000000000003,0.4744318181818183,0.23873873873873874,0.5765765765765766
189,27,3.0,New Orleans Pelicans*,82,243.4,42.7,88.3,0.483,10.2,28.2,0.362,32.5,60.1,0.54,16.1,20.9,0.772,8.7,35.7,44.3,26.8,8.0,5.9,14.9,19.1,111.7,0.585,West,2018,0.319365798414496,True,28.1,72.3,8.2,19.6,28.9,23.1,27.91,2018-2021,Playoffs,0.25156669650850494,0.6472694717994628,0.3059701492537313,0.7313432835820896
190,18,12.0,Oklahoma City Thunder*,82,241.8,39.9,88.1,0.453,10.7,30.4,0.354,29.1,57.7,0.505,17.3,24.2,0.716,12.5,32.6,45.1,21.3,9.1,5.0,14.0,20.2,107.9,0.585,West,2018,0.3450624290578887,True,25.4,63.5,10.3,16.1,24.7,21.33,27.8,2018-2021,Playoffs,0.23540315106580165,0.5885078776645042,0.48356807511737093,0.755868544600939
191,3,27.0,San Antonio Spurs*,82,240.6,39.0,85.4,0.457,8.5,24.1,0.352,30.6,61.2,0.499,16.1,20.9,0.772,10.4,33.9,44.2,22.8,7.7,5.6,13.1,17.2,102.7,0.573,West,2018,0.2822014051522248,False,23.1,50.8,3.5,9.5,26.0,23.3,29.91,2018-2021,Playoffs,0.2249269717624148,0.49464459591041865,0.15350877192982457,0.41666666666666663
192,22,8.0,Minnesota Timberwolves*,82,241.5,41.0,86.1,0.476,8.0,22.5,0.357,33.0,63.6,0.519,19.4,24.1,0.804,10.3,31.6,42.0,22.7,8.4,4.2,12.5,18.2,109.5,0.573,West,2018,0.2613240418118467,False,22.2,61.2,7.0,14.7,24.9,21.67,27.56,2018-2021,Playoffs,0.20273972602739726,0.5589041095890411,0.30837004405286345,0.6475770925110133
194,7,23.0,Miami Heat*,82,243.0,38.8,85.3,0.455,11.0,30.6,0.36,27.8,54.8,0.508,14.7,19.5,0.755,9.3,34.2,43.5,22.7,7.6,5.3,14.4,20.1,103.4,0.537,East,2018,0.3587338804220399,False,17.3,45.6,4.8,12.4,24.1,19.5,26.38,2018-2021,Playoffs,0.16731141199226304,0.4410058027079304,0.21145374449339208,0.5462555066079295
195,15,15.0,Milwaukee Bucks*,82,241.8,39.7,83.0,0.478,8.8,24.7,0.355,31.0,58.3,0.531,18.3,23.4,0.783,8.4,31.5,39.8,23.2,8.8,5.4,13.8,21.4,106.5,0.537,East,2018,0.2975903614457831,False,26.9,64.8,5.1,13.9,27.3,21.57,27.14,2018-2021,Playoffs,0.2525821596244131,0.6084507042253521,0.21982758620689655,0.5991379310344828
196,17,13.0,Washington Wizards*,82,242.1,39.9,85.6,0.467,9.9,26.5,0.375,30.0,59.1,0.508,16.8,21.8,0.772,10.0,33.1,43.1,25.2,7.9,4.3,14.6,21.3,106.6,0.524,East,2018,0.3095794392523365,False,22.6,56.7,9.6,18.0,19.1,18.6,27.11,2018-2021,Playoffs,0.21200750469043153,0.5318949343339587,0.38095238095238093,0.7142857142857143
210,29,1.0,Milwaukee Bucks*,82,241.2,43.4,91.1,0.476,13.5,38.2,0.353,29.9,52.9,0.565,17.9,23.2,0.773,9.3,40.4,49.7,26.0,7.5,5.9,13.9,19.6,118.1,0.732,East,2019,0.4193194291986828,True,27.7,61.9,5.9,15.7,30.9,22.67,26.71,2018-2021,Playoffs,0.23454699407281965,0.5241320914479255,0.22692307692307695,0.6038461538461538
211,22,8.0,Toronto Raptors*,82,242.4,42.2,89.1,0.474,12.4,33.8,0.366,29.8,55.3,0.539,17.7,22.0,0.804,9.6,35.6,45.2,25.4,8.3,5.3,14.0,21.0,114.4,0.707,East,2019,0.3793490460157127,True,26.6,58.5,8.7,17.4,25.8,22.97,27.42,2018-2021,Playoffs,0.23251748251748253,0.5113636363636364,0.3425196850393701,0.6850393700787402
212,28,2.0,Golden State Warriors*,82,241.5,44.0,89.8,0.491,13.3,34.4,0.385,30.8,55.3,0.557,16.3,20.4,0.801,9.7,36.5,46.2,29.4,7.6,6.4,14.3,21.4,117.7,0.695,West,2019,0.3830734966592428,True,27.3,74.8,6.9,18.0,24.4,23.33,28.8,2018-2021,Playoffs,0.23194562446898895,0.6355140186915887,0.23469387755102042,0.6122448979591837
213,11,19.0,Denver Nuggets*,82,240.6,41.9,90.0,0.466,11.0,31.4,0.351,30.9,58.7,0.527,15.8,20.9,0.755,11.9,34.5,46.4,27.4,7.7,4.4,13.4,20.0,110.7,0.659,West,2019,0.3488888888888888,True,20.1,51.2,7.3,15.7,26.3,20.67,25.42,2018-2021,Playoffs,0.1815718157181572,0.4625112917795845,0.2664233576642336,0.572992700729927
214,24,6.0,Portland Trail Blazers*,82,242.1,42.3,90.6,0.467,11.0,30.7,0.359,31.3,59.8,0.523,19.0,23.3,0.814,11.8,36.2,48.0,23.0,6.7,5.0,13.8,20.4,114.7,0.646,West,2019,0.3388520971302428,True,25.8,62.4,6.9,14.0,23.7,23.53,26.0,2018-2021,Playoffs,0.22493461203138623,0.5440278988666085,0.3,0.6086956521739131
215,19,11.0,Houston Rockets*,82,241.8,39.2,87.4,0.449,16.1,45.4,0.356,23.1,42.0,0.551,19.3,24.4,0.791,10.2,31.9,42.1,21.2,8.5,4.9,13.3,22.0,113.9,0.646,West,2019,0.5194508009153318,True,36.1,68.9,8.2,18.0,30.6,25.4,29.23,2018-2021,Playoffs,0.3169446883230904,0.6049165935030729,0.38679245283018865,0.8490566037735849
216,26,4.0,Philadelphia 76ers*,82,241.5,41.5,88.2,0.471,10.8,30.2,0.359,30.7,58.0,0.529,21.2,27.5,0.771,10.9,36.9,47.8,26.9,7.4,5.3,14.9,21.3,115.2,0.622,East,2019,0.3424036281179138,True,27.5,63.900000000000006,7.7,15.4,31.7,25.93,26.41,2018-2021,Playoffs,0.23871527777777776,0.5546875,0.28624535315985133,0.5724907063197027
217,12,18.0,Utah Jazz*,82,240.9,40.4,86.4,0.468,12.1,34.0,0.356,28.3,52.4,0.541,18.8,25.5,0.736,10.0,36.4,46.4,26.0,8.1,5.9,15.1,21.1,111.7,0.61,West,2019,0.3935185185185185,True,23.8,52.400000000000006,6.1,16.0,24.6,21.2,27.4,2018-2021,Playoffs,0.21307072515666964,0.46911369740376013,0.23461538461538461,0.6153846153846154
218,23,7.0,Oklahoma City Thunder*,82,242.1,42.6,94.0,0.454,11.4,32.6,0.348,31.3,61.3,0.51,17.8,25.0,0.713,12.6,35.5,48.1,23.4,9.3,5.2,14.0,22.4,114.5,0.598,West,2019,0.3468085106382979,False,28.0,66.4,10.7,18.9,23.3,20.97,25.75,2018-2021,Playoffs,0.2445414847161572,0.5799126637554586,0.45726495726495725,0.8076923076923077
219,16,14.0,Boston Celtics*,82,241.2,42.1,90.5,0.465,12.6,34.5,0.365,29.5,56.0,0.527,15.6,19.5,0.802,9.8,34.7,44.5,26.3,8.6,5.3,12.8,20.4,112.4,0.598,East,2019,0.3812154696132597,False,23.8,56.5,6.9,15.1,24.3,22.0,26.2,2018-2021,Playoffs,0.21174377224199287,0.5026690391459074,0.2623574144486692,0.5741444866920152
220,25,5.0,Los Angeles Clippers*,82,241.8,41.3,87.5,0.471,10.0,25.8,0.388,31.3,61.7,0.507,22.6,28.5,0.792,9.7,35.8,45.5,24.0,6.8,4.7,14.5,23.3,115.1,0.585,West,2019,0.2948571428571429,False,20.9,60.7,5.4,12.5,23.4,21.87,27.86,2018-2021,Playoffs,0.18158123370981755,0.527367506516073,0.225,0.5208333333333334
221,8,22.0,Indiana Pacers*,82,240.3,41.3,87.0,0.475,9.5,25.4,0.374,31.8,61.6,0.517,15.8,21.1,0.752,9.3,33.7,43.0,26.0,8.7,4.9,13.7,19.4,108.0,0.585,East,2019,0.2919540229885057,False,18.8,50.9,6.0,15.1,21.9,19.17,27.5,2018-2021,Playoffs,0.17407407407407408,0.47129629629629627,0.23076923076923078,0.5807692307692307
222,13,17.0,San Antonio Spurs*,82,241.5,42.3,88.4,0.478,9.9,25.3,0.392,32.4,63.1,0.513,17.2,21.0,0.819,9.2,35.5,44.7,24.5,6.1,4.7,12.1,18.1,111.7,0.585,West,2019,0.2861990950226244,False,21.3,56.2,6.2,13.1,22.9,20.63,28.22,2018-2021,Playoffs,0.19068934646374217,0.5031333930170099,0.2530612244897959,0.5346938775510204
223,6,24.0,Orlando Magic*,82,241.2,40.4,89.1,0.454,11.4,32.1,0.356,29.0,57.0,0.509,15.0,19.2,0.782,10.0,35.4,45.4,25.5,6.6,5.4,13.2,18.6,107.3,0.512,East,2019,0.3602693602693603,False,20.8,51.9,5.3,13.2,25.5,19.1,25.64,2018-2021,Playoffs,0.19384902143522834,0.483690587138863,0.20784313725490194,0.5176470588235293
224,15,15.0,Brooklyn Nets*,82,243.7,40.3,89.7,0.449,12.8,36.2,0.353,27.5,53.6,0.513,19.0,25.5,0.745,11.0,35.6,46.6,23.8,6.6,4.1,15.1,21.5,112.2,0.512,East,2019,0.4035674470457079,False,21.1,51.60000000000001,7.0,15.5,19.4,18.4,25.69,2018-2021,Playoffs,0.1880570409982175,0.4598930481283423,0.29411764705882354,0.6512605042016807
225,5,25.0,Detroit Pistons*,82,242.1,38.8,88.3,0.44,12.1,34.8,0.348,26.7,53.5,0.5,17.3,23.1,0.747,11.4,33.6,45.0,22.5,6.9,4.0,13.8,22.1,107.0,0.5,East,2019,0.3941109852774632,False,24.5,57.2,5.4,13.2,23.4,19.87,25.82,2018-2021,Playoffs,0.22897196261682243,0.5345794392523365,0.24000000000000002,0.5866666666666667
240,29,1.0,Milwaukee Bucks*,73,241.0,43.3,90.9,0.476,13.8,38.9,0.355,29.5,52.0,0.567,18.3,24.7,0.742,9.5,42.2,51.7,25.9,7.2,5.9,15.1,19.6,118.7,0.767,East,2020,0.4279427942794279,True,29.5,65.3,5.6,15.3,31.9,23.53,30.27,2018-2021,Playoffs,0.2485256950294861,0.5501263689974726,0.21621621621621623,0.5907335907335908
241,17,13.0,Toronto Raptors*,72,241.4,40.2,87.9,0.458,13.8,37.0,0.374,26.4,50.9,0.519,18.5,23.2,0.796,9.5,35.9,45.4,25.2,8.8,5.0,14.8,21.7,112.8,0.736,East,2020,0.4209328782707622,True,22.9,59.9,7.5,17.6,17.9,17.63,26.7,2018-2021,Playoffs,0.20301418439716312,0.5310283687943262,0.2976190476190476,0.6984126984126985
242,19,11.0,Los Angeles Lakers*,71,240.7,42.3,88.3,0.48,11.0,31.6,0.349,31.3,56.7,0.552,17.7,24.3,0.729,10.7,35.1,45.7,25.4,8.6,6.6,15.2,20.7,113.4,0.732,West,2020,0.3578708946772367,True,26.1,64.2,10.2,18.4,27.4,24.1,29.45,2018-2021,Playoffs,0.23015873015873015,0.5661375661375662,0.4015748031496063,0.7244094488188976
243,26,4.0,Los Angeles Clippers*,72,241.4,41.6,89.2,0.466,12.4,33.5,0.371,29.1,55.8,0.522,20.8,26.3,0.791,10.7,37.0,47.7,23.7,7.1,4.7,14.6,22.1,116.3,0.681,West,2020,0.3755605381165919,True,27.1,67.2,5.6,14.4,26.9,23.93,27.75,2018-2021,Playoffs,0.23301805674978507,0.5778159931212382,0.23628691983122363,0.6075949367088608
244,21,9.0,Boston Celtics*,72,242.1,41.3,89.6,0.461,12.6,34.5,0.364,28.7,55.0,0.522,18.6,23.2,0.801,10.7,35.4,46.1,23.0,8.3,5.6,13.8,21.6,113.7,0.667,East,2020,0.3850446428571429,True,23.4,64.1,4.9,13.8,22.4,20.93,25.78,2018-2021,Playoffs,0.20580474934036938,0.5637642919964819,0.21304347826086958,0.6
245,12,18.0,Denver Nuggets*,73,243.1,42.0,88.9,0.473,11.0,30.6,0.359,31.1,58.3,0.533,16.2,20.9,0.777,10.8,33.4,44.1,26.7,8.0,4.6,13.8,20.3,111.3,0.63,West,2020,0.344206974128234,True,19.9,53.5,7.0,15.5,24.9,21.17,25.91,2018-2021,Playoffs,0.178796046720575,0.4806828391734052,0.2621722846441948,0.5805243445692884
246,7,23.0,Indiana Pacers*,73,241.4,42.1,88.5,0.476,10.2,28.0,0.363,31.9,60.4,0.529,15.0,19.1,0.787,8.7,34.1,42.8,25.9,7.4,5.2,13.2,19.8,109.4,0.616,East,2020,0.3163841807909605,True,19.8,54.8,7.1,17.1,20.7,18.93,26.1,2018-2021,Playoffs,0.1809872029250457,0.5009140767824497,0.27413127413127414,0.6602316602316604
247,9,21.0,Oklahoma City Thunder*,72,242.1,40.0,85.5,0.468,10.7,30.2,0.355,29.3,55.3,0.529,19.8,24.8,0.796,8.2,34.7,42.9,21.7,7.6,4.9,13.7,19.3,110.4,0.611,West,2020,0.3532163742690058,True,19.0,56.6,6.7,14.0,21.7,20.87,24.55,2018-2021,Playoffs,0.1721014492753623,0.5126811594202898,0.3087557603686636,0.6451612903225806
248,11,19.0,Utah Jazz*,72,241.0,40.1,85.1,0.471,13.4,35.2,0.38,26.7,49.9,0.535,17.8,22.8,0.779,9.1,35.8,44.9,22.4,6.1,4.1,15.1,20.4,111.3,0.611,West,2020,0.4136310223266745,True,24.0,59.8,5.2,13.900000000000002,21.7,19.0,28.11,2018-2021,Playoffs,0.215633423180593,0.5372866127583109,0.23214285714285718,0.6205357142857144
249,28,2.0,Houston Rockets*,72,241.4,40.8,90.4,0.451,15.6,45.3,0.345,25.1,45.2,0.557,20.6,26.1,0.791,9.8,34.5,44.3,21.6,8.7,5.2,14.7,21.8,117.8,0.611,West,2020,0.5011061946902654,True,34.3,75.9,7.5,16.2,29.1,23.57,29.55,2018-2021,Playoffs,0.29117147707979624,0.6443123938879457,0.3472222222222222,0.7499999999999999
250,15,15.0,Miami Heat*,73,243.1,39.5,84.4,0.468,13.4,35.4,0.379,26.0,49.0,0.532,19.7,25.2,0.783,8.5,35.9,44.4,25.9,7.5,4.5,14.9,20.6,112.0,0.603,East,2020,0.419431279620853,False,19.9,51.99999999999999,6.0,16.2,23.6,20.07,27.07,2018-2021,Playoffs,0.1776785714285714,0.46428571428571425,0.23166023166023167,0.6254826254826255
251,10,20.0,Philadelphia 76ers*,73,241.0,41.1,87.9,0.468,11.6,31.6,0.368,29.5,56.3,0.524,16.9,22.4,0.755,10.5,35.0,45.4,25.8,8.0,5.3,14.2,20.9,110.7,0.589,East,2020,0.3594994311717861,False,23.0,59.0,8.0,15.2,25.8,21.73,26.25,2018-2021,Playoffs,0.2077687443541102,0.5329719963866305,0.31007751937984496,0.5891472868217054
252,27,3.0,Dallas Mavericks*,75,242.3,41.7,90.3,0.461,15.1,41.3,0.367,26.5,49.0,0.541,18.6,23.8,0.779,10.5,36.4,46.9,24.7,6.1,4.8,12.7,19.5,117.0,0.573,West,2020,0.4573643410852713,False,28.8,65.0,8.8,16.5,27.6,21.27,26.5,2018-2021,Playoffs,0.24615384615384617,0.5555555555555556,0.35627530364372473,0.6680161943319838
253,14,17.0,Brooklyn Nets*,72,242.8,40.4,90.3,0.448,13.1,38.1,0.343,27.3,52.1,0.524,17.9,24.1,0.745,10.6,37.3,47.9,24.5,6.4,4.5,15.3,21.0,111.8,0.486,East,2020,0.4219269102990033,False,27.4,66.7,6.8,17.6,26.2,22.27,26.71,2018-2021,Playoffs,0.24508050089445438,0.5966010733452595,0.27755102040816326,0.7183673469387756
254,24,6.0,Portland Trail Blazers*,74,241.0,42.2,91.2,0.463,12.9,34.1,0.377,29.3,57.1,0.514,17.7,22.1,0.804,10.2,35.1,45.3,20.6,6.3,6.1,12.8,21.7,115.0,0.473,West,2020,0.3739035087719298,False,30.0,69.80000000000001,8.0,16.4,26.9,24.83,27.29,2018-2021,Playoffs,0.2608695652173913,0.6069565217391305,0.3883495145631068,0.7961165048543688
257,6,24.0,Orlando Magic*,73,240.7,39.3,88.6,0.444,11.1,32.2,0.343,28.3,56.4,0.502,17.6,22.7,0.774,10.3,34.2,44.5,23.9,8.2,5.4,12.8,18.3,107.3,0.452,East,2020,0.363431151241535,False,19.6,52.8,5.1,13.4,21.9,18.53,26.75,2018-2021,Playoffs,0.1826654240447344,0.49207828518173347,0.21338912133891214,0.5606694560669456
270,26,4.0,Utah Jazz*,72,241.0,41.3,88.1,0.468,16.7,43.0,0.389,24.5,45.1,0.544,17.2,21.5,0.799,10.6,37.6,48.3,23.7,6.6,5.2,14.2,18.5,116.4,0.722,West,2021,0.4880817253121453,True,26.4,61.8,6.0,15.9,23.5,21.5,28.89,2018-2021,Playoffs,0.22680412371134018,0.5309278350515464,0.25316455696202533,0.6708860759493671
271,24,6.0,Phoenix Suns*,72,242.8,43.3,88.3,0.49,13.1,34.6,0.378,30.3,53.7,0.563,15.6,18.7,0.834,8.8,34.2,42.9,26.9,7.2,4.3,12.5,19.1,115.3,0.708,West,2021,0.391845979614949,True,25.6,56.4,8.9,16.8,21.4,20.3,26.8,2018-2021,Playoffs,0.22202948829141372,0.4891587163920208,0.3308550185873606,0.6245353159851301
272,16,14.0,Philadelphia 76ers*,72,242.1,41.4,86.9,0.476,11.3,30.1,0.374,30.1,56.8,0.531,19.6,25.5,0.767,10.0,35.0,45.1,23.7,9.1,6.2,14.4,20.2,113.6,0.681,East,2021,0.3463751438434982,True,28.5,62.3,6.9,13.5,30.3,22.87,27.46,2018-2021,Playoffs,0.25088028169014087,0.5484154929577465,0.2911392405063291,0.569620253164557
273,28,2.0,Brooklyn Nets*,72,241.7,43.1,87.3,0.494,14.2,36.1,0.392,29.0,51.2,0.565,18.1,22.5,0.804,8.9,35.5,44.4,26.8,6.7,5.3,13.5,19.0,118.6,0.667,East,2021,0.4135166093928981,True,26.9,78.4,10.9,22.9,26.4,25.27,28.0,2018-2021,Playoffs,0.22681281618887014,0.6610455311973019,0.40671641791044777,0.8544776119402985
274,22,8.0,Denver Nuggets*,72,242.8,43.3,89.2,0.485,12.9,34.2,0.377,30.4,55.0,0.552,15.7,19.5,0.803,10.5,33.9,44.4,26.8,8.1,4.5,13.5,19.1,115.1,0.653,West,2021,0.3834080717488789,True,26.4,66.6,8.3,16.700000000000003,31.3,23.4,26.85,2018-2021,Playoffs,0.22936576889661164,0.578627280625543,0.30970149253731344,0.623134328358209
275,20,10.0,Los Angeles Clippers*,72,240.0,41.8,86.7,0.482,14.3,34.7,0.411,27.5,52.0,0.529,16.2,19.3,0.839,9.4,34.7,44.2,24.4,7.1,4.1,13.2,19.2,114.0,0.653,West,2021,0.4002306805074971,True,24.8,61.5,5.8,16.2,26.0,21.87,28.93,2018-2021,Playoffs,0.21754385964912282,0.5394736842105263,0.2377049180327869,0.6639344262295082
276,29,1.0,Milwaukee Bucks*,72,240.7,44.7,91.8,0.487,14.4,37.1,0.389,30.3,54.7,0.554,16.2,21.4,0.76,10.3,37.8,48.1,25.5,8.1,4.6,13.8,17.3,120.1,0.639,East,2021,0.4041394335511983,True,28.1,66.2,6.1,17.4,29.2,23.03,28.54,2018-2021,Playoffs,0.23397169025811826,0.5512073272273106,0.2392156862745098,0.6823529411764705
277,25,5.0,Portland Trail Blazers*,72,240.3,41.3,91.1,0.453,15.7,40.8,0.385,25.6,50.3,0.509,17.8,21.6,0.823,10.6,33.9,44.5,21.3,6.9,5.0,11.1,18.9,116.1,0.583,West,2021,0.4478594950603732,True,28.8,68.9,7.5,15.6,25.6,22.93,27.27,2018-2021,Playoffs,0.248062015503876,0.5934539190353144,0.352112676056338,0.732394366197183
278,8,22.0,Los Angeles Lakers*,72,242.4,40.6,86.1,0.472,11.1,31.2,0.354,29.6,54.8,0.539,17.2,23.3,0.739,9.7,34.6,44.2,24.7,7.8,5.4,15.2,19.1,109.5,0.583,West,2021,0.3623693379790941,True,25.0,62.2,7.8,16.7,24.2,23.0,28.46,2018-2021,Playoffs,0.228310502283105,0.5680365296803653,0.3157894736842105,0.6761133603238866
279,13,17.0,Dallas Mavericks*,72,240.3,41.1,87.3,0.47,13.8,38.1,0.362,27.3,49.2,0.554,16.5,21.2,0.778,9.1,34.2,43.3,22.9,6.3,4.3,12.1,19.4,112.4,0.583,West,2021,0.436426116838488,True,27.7,64.4,8.6,14.7,25.3,21.23,27.0,2018-2021,Playoffs,0.24644128113879002,0.5729537366548043,0.37554585152838427,0.6419213973799127
280,4,26.0,New York Knicks*,72,242.1,39.4,86.5,0.456,11.8,30.0,0.392,27.7,56.4,0.49,16.4,20.9,0.784,9.7,35.5,45.1,21.4,7.0,5.1,12.9,20.5,107.0,0.569,East,2021,0.3468208092485549,False,24.1,56.6,6.0,13.4,19.7,18.73,26.73,2018-2021,Playoffs,0.2252336448598131,0.5289719626168224,0.28037383177570097,0.6261682242990655
281,19,11.0,Atlanta Hawks*,72,241.7,40.8,87.2,0.468,12.4,33.4,0.373,28.4,53.9,0.526,19.7,24.2,0.812,10.6,35.1,45.6,24.1,7.0,4.8,13.2,19.3,113.7,0.569,East,2021,0.3830275229357798,False,25.3,59.3,9.4,16.3,24.3,22.63,26.27,2018-2021,Playoffs,0.22251539138082674,0.5215479331574318,0.3900414937759336,0.6763485477178424
282,5,25.0,Miami Heat*,72,241.4,39.2,83.7,0.468,12.9,36.2,0.358,26.3,47.5,0.553,16.7,21.1,0.79,8.0,33.5,41.5,26.3,7.9,4.0,14.1,18.9,108.1,0.556,East,2021,0.4324970131421744,False,21.5,55.3,7.1,16.9,26.5,21.13,29.0,2018-2021,Playoffs,0.19888991674375578,0.5115633672525439,0.26996197718631176,0.6425855513307984
284,15,15.0,Memphis Grizzlies*,72,241.7,42.8,91.8,0.467,11.2,31.4,0.356,31.7,60.4,0.525,16.4,21.3,0.771,11.2,35.3,46.5,26.9,9.1,5.1,13.3,18.7,113.3,0.528,West,2021,0.3420479302832244,False,19.1,53.4,7.4,14.7,24.4,20.53,24.31,2018-2021,Playoffs,0.1685789938217123,0.471315092674316,0.27509293680297403,0.5464684014869888
285,14,16.0,Boston Celtics*,72,241.4,41.5,88.9,0.466,13.6,36.4,0.374,27.9,52.5,0.53,16.1,20.8,0.775,10.6,33.6,44.3,23.5,7.7,5.3,14.1,20.4,112.6,0.5,East,2021,0.4094488188976377,False,26.4,70.39999999999999,5.7,14.900000000000002,25.7,22.3,25.69,2018-2021,Playoffs,0.2344582593250444,0.625222024866785,0.24255319148936172,0.6340425531914895
287,27,3.0,Washington Wizards*,72,241.7,43.2,90.9,0.475,10.2,29.0,0.351,33.0,61.9,0.533,20.1,26.2,0.769,9.7,35.5,45.2,25.5,7.3,4.1,14.4,21.6,116.6,0.472,East,2021,0.319031903190319,False,31.3,67.8,11.7,20.0,25.4,22.53,25.8,2018-2021,Playoffs,0.2684391080617496,0.58147512864494,0.4588235294117647,0.7843137254901961
16,21,9.0,Houston Rockets,66,243.4,37.7,84.0,0.449,7.2,20.2,0.359,30.5,63.8,0.477,15.4,19.7,0.782,11.7,30.5,42.2,21.3,7.5,4.8,14.5,20.4,98.1,0.515,West,2012,0.2404761904761904,False,17.1,46.900000000000006,6.6,14.7,19.6,18.8,26.73,2012-2014,Lottery,0.17431192660550462,0.47808358817533136,0.30985915492957744,0.6901408450704225
17,22,8.0,Phoenix Suns,66,240.0,37.8,82.5,0.458,6.7,19.6,0.343,31.1,62.9,0.494,16.0,21.2,0.757,10.9,30.8,41.7,22.5,6.5,5.5,14.1,18.7,98.4,0.5,West,2012,0.2375757575757576,False,15.4,40.6,10.7,14.599999999999998,21.2,18.97,29.62,2012-2014,Lottery,0.1565040650406504,0.41260162601626016,0.4755555555555555,0.6488888888888888
18,25,5.0,Milwaukee Bucks,66,240.4,37.9,85.6,0.443,6.6,19.2,0.345,31.3,66.5,0.471,16.6,21.4,0.774,12.4,30.0,42.5,23.5,8.3,5.1,14.1,19.3,99.0,0.47,East,2012,0.2242990654205607,False,19.1,50.400000000000006,5.9,15.2,20.5,19.23,27.17,2012-2014,Lottery,0.19292929292929295,0.5090909090909091,0.25106382978723407,0.6468085106382978
19,14,16.0,Portland Trail Blazers,66,241.9,36.4,82.1,0.443,7.2,20.9,0.346,29.2,61.1,0.477,17.2,21.6,0.796,11.1,29.5,40.7,20.4,8.0,4.9,14.2,19.0,97.2,0.424,West,2012,0.2545676004872107,False,21.7,50.8,6.5,13.5,22.7,20.07,28.55,2012-2014,Lottery,0.22325102880658435,0.522633744855967,0.3186274509803922,0.661764705882353
20,20,10.0,Minnesota Timberwolves,66,241.5,35.7,82.3,0.433,7.2,21.6,0.332,28.5,60.8,0.469,19.4,25.2,0.771,12.1,31.7,43.7,19.5,6.6,4.4,15.2,18.4,97.9,0.394,West,2012,0.2624544349939247,False,26.0,52.0,8.2,18.7,25.4,21.47,24.38,2012-2014,Lottery,0.26557711950970375,0.5311542390194075,0.42051282051282046,0.9589743589743589
21,3,27.0,Detroit Pistons,66,241.9,34.7,79.3,0.438,4.8,13.9,0.346,29.9,65.4,0.457,16.6,22.1,0.752,11.7,28.5,40.3,18.7,7.0,4.2,15.7,19.6,90.9,0.379,East,2012,0.1752837326607818,False,15.4,43.0,3.8,10.0,22.0,17.93,27.33,2012-2014,Lottery,0.1694169416941694,0.473047304730473,0.20320855614973263,0.5347593582887701
22,19,11.0,Golden State Warriors,66,241.1,37.7,82.5,0.457,7.9,20.5,0.388,29.8,62.0,0.48,14.4,18.7,0.77,9.7,29.5,39.2,22.3,8.0,5.5,13.9,21.4,97.8,0.348,West,2012,0.2484848484848484,False,21.9,56.7,6.0,15.8,21.2,19.83,26.43,2012-2014,Lottery,0.22392638036809814,0.579754601226994,0.26905829596412556,0.7085201793721974
23,2,28.0,Toronto Raptors,66,241.9,34.4,78.1,0.44,5.5,16.3,0.34,28.8,61.8,0.467,16.4,21.4,0.77,10.6,31.4,42.0,20.9,6.5,4.9,15.2,23.2,90.7,0.348,East,2012,0.2087067861715749,False,19.5,48.400000000000006,8.8,16.3,17.9,17.43,25.54,2012-2014,Lottery,0.21499448732083792,0.5336273428886439,0.42105263157894746,0.7799043062200958
24,6,24.0,New Jersey Nets,66,240.8,34.3,80.6,0.425,7.7,22.4,0.342,26.6,58.2,0.457,16.9,21.7,0.777,11.9,28.5,40.3,19.9,7.5,3.9,15.1,19.2,93.1,0.333,East,2012,0.2779156327543424,False,21.0,55.400000000000006,8.7,15.1,21.9,20.03,26.73,2012-2014,Lottery,0.2255639097744361,0.5950590762620839,0.4371859296482412,0.7587939698492463
25,24,6.0,Sacramento Kings,66,241.1,37.7,86.5,0.436,6.2,19.7,0.316,31.5,66.8,0.471,17.1,23.2,0.736,13.4,29.5,42.9,19.3,8.5,4.9,14.4,19.5,98.8,0.333,West,2012,0.2277456647398844,False,18.7,53.3,4.5,11.7,21.7,18.9,24.82,2012-2014,Lottery,0.18927125506072875,0.5394736842105263,0.23316062176165803,0.6062176165803108
26,5,25.0,Cleveland Cavaliers,66,241.9,34.3,81.2,0.422,6.7,19.3,0.346,27.6,61.9,0.446,17.8,24.9,0.716,12.7,29.5,42.3,19.8,7.1,4.0,15.4,20.0,93.0,0.318,East,2012,0.2376847290640394,False,18.5,48.400000000000006,5.4,14.3,21.4,18.9,25.25,2012-2014,Lottery,0.1989247311827957,0.5204301075268818,0.27272727272727276,0.7222222222222222
27,1,29.0,New Orleans Hornets,66,241.5,34.8,77.3,0.451,3.9,11.8,0.333,30.9,65.5,0.472,16.0,21.2,0.757,11.0,30.2,41.1,20.7,7.4,4.8,15.5,20.1,89.6,0.318,West,2012,0.1526520051746442,False,20.6,49.3,6.3,15.1,19.2,18.43,25.38,2012-2014,Lottery,0.22991071428571433,0.5502232142857143,0.30434782608695654,0.7294685990338164
28,8,22.0,Washington Wizards,66,240.4,36.6,83.0,0.441,5.2,16.3,0.32,31.4,66.7,0.47,15.3,21.0,0.727,11.7,29.9,41.7,19.1,8.0,6.3,15.3,21.3,93.6,0.303,East,2012,0.1963855421686747,False,16.6,47.60000000000001,8.0,12.7,24.2,21.13,25.14,2012-2014,Lottery,0.1773504273504274,0.5085470085470086,0.41884816753926696,0.6649214659685863
29,0,30.0,Charlotte Bobcats,66,240.8,33.2,80.2,0.414,4.0,13.5,0.295,29.2,66.7,0.439,16.5,22.2,0.746,10.3,28.7,39.0,20.1,6.0,5.5,14.5,18.9,87.0,0.106,East,2012,0.1683291770573566,False,15.1,42.2,6.4,15.1,14.9,14.57,25.08,2012-2014,Lottery,0.1735632183908046,0.4850574712643678,0.31840796019900497,0.7512437810945273
44,16,13.0,Utah Jazz,82,242.4,37.1,81.8,0.454,6.2,16.9,0.366,31.0,64.9,0.477,17.5,23.0,0.764,12.1,30.0,42.0,22.7,8.4,6.3,14.8,21.3,98.0,0.524,West,2013,0.206601466992665,False,17.8,46.5,6.2,14.6,20.9,19.43,26.42,2012-2014,Lottery,0.1816326530612245,0.4744897959183674,0.27312775330396477,0.6431718061674009
46,21,9.0,Dallas Mavericks,82,243.7,38.8,84.0,0.462,7.4,19.9,0.372,31.4,64.2,0.489,16.1,20.4,0.793,9.4,32.6,41.9,23.2,7.9,5.5,14.0,20.7,101.1,0.5,West,2013,0.2369047619047619,False,17.3,46.0,5.1,12.9,21.0,19.6,30.92,2012-2014,Lottery,0.17111770524233433,0.4549950544015826,0.21982758620689655,0.5560344827586208
48,1,28.0,Philadelphia 76ers,82,240.9,37.3,84.1,0.444,6.3,17.5,0.36,31.0,66.5,0.466,12.2,16.8,0.729,10.9,30.4,41.3,22.8,7.4,4.7,13.0,18.4,93.2,0.415,East,2013,0.2080856123662307,False,17.7,45.8,8.0,14.5,18.2,16.97,25.9,2012-2014,Lottery,0.18991416309012873,0.4914163090128755,0.3508771929824561,0.6359649122807017
49,14,16.0,Toronto Raptors,82,243.7,36.3,81.5,0.446,7.0,20.3,0.343,29.4,61.2,0.48,17.6,22.3,0.788,10.6,29.6,40.2,21.5,7.3,4.8,13.7,22.4,97.2,0.415,East,2013,0.249079754601227,False,19.5,50.3,7.4,16.6,19.2,18.3,25.79,2012-2014,Lottery,0.2006172839506173,0.5174897119341564,0.34418604651162793,0.772093023255814
50,15,15.0,Portland Trail Blazers,82,242.1,36.7,81.9,0.448,8.2,23.2,0.353,28.5,58.7,0.486,15.9,20.5,0.776,10.7,30.2,40.8,21.8,6.6,4.3,14.7,18.5,97.5,0.402,West,2013,0.2832722832722832,False,21.1,54.900000000000006,6.5,15.4,20.4,18.83,24.0,2012-2014,Lottery,0.21641025641025644,0.5630769230769231,0.2981651376146789,0.7064220183486238
51,10,20.0,Minnesota Timberwolves,82,240.6,35.9,81.7,0.439,5.5,18.0,0.305,30.4,63.7,0.477,18.5,24.9,0.742,11.9,30.2,42.0,22.4,8.5,4.7,14.8,18.4,95.7,0.378,West,2013,0.2203182374541003,False,18.3,47.0,7.3,15.9,20.2,18.57,26.33,2012-2014,Lottery,0.19122257053291536,0.49111807732497387,0.32589285714285715,0.7098214285714286
52,2,30.0,Washington Wizards,82,242.1,35.5,81.6,0.435,6.6,18.2,0.365,28.8,63.4,0.455,15.6,21.3,0.733,10.8,32.3,43.2,21.6,7.3,4.6,15.1,20.5,93.2,0.354,East,2013,0.2230392156862745,False,18.5,45.6,7.6,14.9,20.8,17.87,25.2,2012-2014,Lottery,0.1984978540772532,0.4892703862660944,0.3518518518518518,0.6898148148148148
53,8,22.0,Detroit Pistons,82,241.5,36.3,81.0,0.449,6.3,17.6,0.356,30.1,63.4,0.474,15.9,22.8,0.699,12.1,30.0,42.1,21.2,7.0,4.9,15.1,19.8,94.9,0.354,East,2013,0.2172839506172839,False,16.0,41.0,6.6,14.2,21.6,19.77,25.67,2012-2014,Lottery,0.16859852476290832,0.4320337197049526,0.3113207547169811,0.6698113207547169
54,20,10.0,Sacramento Kings,82,241.8,37.6,84.2,0.447,7.4,20.5,0.363,30.2,63.7,0.474,17.5,22.8,0.769,11.5,29.1,40.6,20.8,8.2,4.2,14.6,20.9,100.2,0.341,West,2013,0.2434679334916864,False,17.1,46.2,4.0,10.5,20.2,18.6,25.77,2012-2014,Lottery,0.17065868263473055,0.46107784431137727,0.1923076923076923,0.5048076923076923
55,6,24.0,New Orleans Hornets,82,241.2,36.0,80.4,0.448,6.5,18.0,0.363,29.5,62.4,0.473,15.5,20.0,0.776,12.0,29.6,41.6,21.0,6.3,5.4,14.5,20.4,94.1,0.329,West,2013,0.2238805970149253,False,17.0,47.1,9.0,15.1,21.7,19.57,24.64,2012-2014,Lottery,0.18065887353878854,0.5005313496280553,0.42857142857142855,0.719047619047619
56,9,21.0,Phoenix Suns,82,241.5,37.3,84.4,0.443,5.9,17.7,0.33,31.5,66.6,0.473,14.7,19.7,0.744,11.7,29.9,41.6,22.6,8.0,5.3,15.6,20.6,95.2,0.305,West,2013,0.2097156398104265,False,14.7,38.6,7.4,12.5,17.5,16.97,26.92,2012-2014,Lottery,0.15441176470588233,0.4054621848739496,0.3274336283185841,0.5530973451327433
57,12,19.0,Cleveland Cavaliers,82,240.6,36.5,84.2,0.434,6.7,19.3,0.346,29.8,64.9,0.46,16.8,22.3,0.756,12.2,28.8,41.0,20.7,7.9,4.1,14.0,21.2,96.5,0.293,East,2013,0.2292161520190024,False,22.5,51.3,5.9,12.9,21.7,20.43,25.08,2012-2014,Lottery,0.23316062176165803,0.5316062176165803,0.285024154589372,0.6231884057971014
58,3,27.0,Charlotte Bobcats,82,241.5,34.4,81.1,0.425,5.7,17.1,0.335,28.7,64.0,0.448,18.9,25.1,0.75,11.2,29.1,40.3,19.4,7.2,5.8,14.1,19.0,93.4,0.256,East,2013,0.2108508014796548,False,17.7,47.6,5.7,12.2,18.8,17.63,25.67,2012-2014,Lottery,0.18950749464668093,0.5096359743040685,0.29381443298969073,0.6288659793814433
59,5,25.0,Orlando Magic,82,241.2,37.7,84.2,0.448,6.2,18.7,0.329,31.5,65.5,0.482,12.5,16.6,0.755,10.9,31.9,42.7,22.8,6.4,4.4,14.5,19.4,94.1,0.244,East,2013,0.2220902612826603,False,17.3,48.9,7.4,17.9,17.8,16.97,25.58,2012-2014,Lottery,0.1838469713071201,0.5196599362380446,0.32456140350877194,0.7850877192982455
72,23,7.0,Phoenix Suns,82,240.9,38.7,83.5,0.463,9.3,25.1,0.372,29.4,58.4,0.503,18.5,24.4,0.758,11.3,31.7,43.0,19.1,8.4,4.6,15.3,21.9,105.2,0.585,West,2014,0.3005988023952096,False,20.3,53.8,5.9,13.2,21.4,19.8,26.78,2012-2014,Lottery,0.19296577946768062,0.5114068441064639,0.3089005235602094,0.6910994764397905
76,27,3.0,Minnesota Timberwolves,82,242.1,38.9,87.5,0.444,7.3,21.4,0.341,31.6,66.1,0.478,21.8,28.1,0.778,12.5,32.2,44.7,23.9,8.8,3.6,13.9,18.3,106.9,0.488,West,2014,0.2445714285714285,False,26.1,62.7,8.6,16.8,26.9,21.3,27.11,2012-2014,Lottery,0.2441534144059869,0.5865294667913938,0.3598326359832636,0.7029288702928871
78,10,20.0,New York Knicks,82,242.1,36.9,82.2,0.449,9.3,24.9,0.372,27.7,57.3,0.482,15.5,20.4,0.761,10.6,29.7,40.3,20.0,7.7,4.5,13.0,22.1,98.6,0.451,East,2014,0.302919708029197,False,27.4,55.2,5.6,12.6,24.4,19.87,29.36,2012-2014,Lottery,0.2778904665314402,0.5598377281947262,0.27999999999999997,0.63
79,21,9.0,Denver Nuggets,82,240.9,38.4,85.9,0.447,8.6,23.9,0.358,29.8,62.0,0.481,19.1,26.3,0.726,12.3,33.1,45.4,22.4,7.5,5.6,15.9,23.0,104.4,0.439,West,2014,0.2782305005820721,False,17.6,44.9,8.8,17.5,19.8,18.5,26.36,2012-2014,Lottery,0.1685823754789272,0.4300766283524904,0.3928571428571429,0.78125
80,12,18.0,New Orleans Pelicans,82,242.1,37.8,82.5,0.459,5.9,15.9,0.373,31.9,66.6,0.479,18.2,23.6,0.769,11.4,30.3,41.7,21.3,7.9,6.4,13.8,22.6,99.7,0.415,West,2014,0.1927272727272727,False,20.8,56.0,7.9,16.2,26.5,21.23,24.57,2012-2014,Lottery,0.2086258776328987,0.5616850551654965,0.37089201877934275,0.7605633802816901
81,8,22.0,Cleveland Cavaliers,82,243.0,37.0,84.8,0.437,7.1,20.0,0.356,29.9,64.8,0.461,17.0,22.7,0.751,12.1,32.1,44.1,21.2,7.1,3.7,14.2,20.0,98.2,0.402,East,2014,0.2358490566037736,False,20.8,51.0,6.1,13.2,20.1,17.9,25.5,2012-2014,Lottery,0.21181262729124237,0.5193482688391039,0.28773584905660377,0.6226415094339622
82,16,15.0,Detroit Pistons,82,241.2,38.8,86.9,0.447,6.2,19.3,0.321,32.6,67.6,0.483,17.3,25.7,0.67,14.6,30.8,45.4,20.9,8.4,4.8,14.5,20.3,101.0,0.354,East,2014,0.2220943613348676,False,16.4,47.1,7.6,14.8,22.6,18.77,26.11,2012-2014,Lottery,0.16237623762376235,0.46633663366336636,0.36363636363636365,0.7081339712918661
83,13,17.0,Sacramento Kings,82,241.8,36.9,82.5,0.447,6.0,18.0,0.333,30.9,64.5,0.479,20.7,27.3,0.759,12.1,32.4,44.5,18.9,7.2,3.9,15.2,22.5,100.5,0.341,West,2014,0.2181818181818181,False,22.7,63.1,6.3,14.7,26.1,22.07,26.07,2012-2014,Lottery,0.22587064676616914,0.6278606965174129,0.33333333333333337,0.7777777777777778
84,19,11.0,Los Angeles Lakers,82,240.3,38.3,85.1,0.45,9.4,24.8,0.381,28.8,60.3,0.478,17.0,22.4,0.757,9.1,32.0,41.0,24.5,7.5,5.4,15.1,19.8,103.0,0.329,West,2014,0.2914218566392479,False,17.9,51.0,8.8,22.7,19.3,18.53,27.59,2012-2014,Lottery,0.17378640776699028,0.49514563106796117,0.3591836734693878,0.926530612244898
85,4,26.0,Boston Celtics,82,240.6,36.5,83.9,0.435,7.0,21.1,0.333,29.5,62.9,0.47,16.2,20.8,0.777,12.0,30.5,42.5,21.0,7.1,4.2,15.4,21.3,96.2,0.305,East,2014,0.2514898688915375,False,16.9,45.5,9.8,18.7,18.2,16.77,25.38,2012-2014,Lottery,0.17567567567567566,0.47297297297297297,0.4666666666666667,0.8904761904761904
86,1,29.0,Utah Jazz,82,241.2,36.0,81.1,0.444,6.6,19.2,0.344,29.4,61.9,0.474,16.4,22.0,0.747,11.0,30.2,41.2,20.3,7.0,4.5,14.6,20.7,95.0,0.305,West,2014,0.2367447595561035,False,16.2,43.5,5.7,13.6,19.0,17.13,24.38,2012-2014,Lottery,0.17052631578947366,0.45789473684210524,0.28078817733990147,0.6699507389162561
87,5,25.0,Orlando Magic,82,243.4,36.9,82.7,0.445,6.9,19.5,0.353,30.0,63.3,0.474,15.9,20.9,0.763,9.7,32.4,42.0,21.0,7.7,4.3,14.9,20.5,96.5,0.28,East,2014,0.2357920193470374,False,18.2,47.0,7.0,14.5,18.8,17.27,24.3,2012-2014,Lottery,0.18860103626943003,0.48704663212435234,0.3333333333333333,0.6904761904761905
88,11,19.0,Philadelphia 76ers,82,242.1,37.9,87.2,0.435,7.0,22.5,0.312,30.9,64.7,0.477,16.6,23.4,0.71,11.6,31.2,42.7,21.8,9.3,4.0,16.9,22.5,99.5,0.232,East,2014,0.2580275229357798,False,17.9,52.0,6.3,13.3,17.4,16.5,23.33,2012-2014,Lottery,0.17989949748743717,0.5226130653266332,0.2889908256880734,0.6100917431192661
89,2,28.0,Milwaukee Bucks,82,242.4,36.0,82.2,0.438,6.7,18.9,0.353,29.3,63.2,0.464,16.8,22.5,0.747,11.8,29.3,41.1,21.5,6.6,4.9,15.1,20.9,95.5,0.183,East,2014,0.22992700729927,False,17.9,45.8,4.9,13.1,18.4,18.1,25.81,2012-2014,Lottery,0.18743455497382197,0.4795811518324607,0.22790697674418606,0.6093023255813953
102,26,4.0,Oklahoma City Thunder,82,241.8,38.8,86.8,0.447,7.7,22.7,0.339,31.1,64.1,0.486,18.6,24.6,0.754,12.8,34.7,47.5,20.5,7.3,5.5,14.7,22.3,104.0,0.549,West,2015,0.2615207373271889,False,28.1,72.2,8.6,17.0,29.1,27.2,25.81,2015-2017,Lottery,0.27019230769230773,0.6942307692307692,0.4195121951219512,0.8292682926829268
106,19,11.0,Phoenix Suns,82,242.4,38.8,85.8,0.452,8.5,25.0,0.341,30.2,60.9,0.497,16.4,21.5,0.76,10.9,32.2,43.2,20.2,8.5,4.7,15.1,21.3,102.4,0.476,West,2015,0.2913752913752914,False,17.0,48.5,6.1,14.7,19.7,18.63,25.33,2015-2017,Lottery,0.166015625,0.4736328125,0.30198019801980197,0.7277227722772277
108,6,24.0,Indiana Pacers,82,242.1,36.6,83.2,0.439,7.5,21.2,0.352,29.1,62.0,0.469,16.7,22.2,0.756,10.4,34.4,44.9,21.4,6.2,4.6,14.0,21.2,97.3,0.463,East,2015,0.2548076923076923,False,16.1,42.2,5.1,12.3,21.5,18.47,28.13,2015-2017,Lottery,0.1654676258992806,0.433710174717369,0.2383177570093458,0.574766355140187
109,4,26.0,Utah Jazz,82,240.3,35.4,79.2,0.447,7.4,21.7,0.343,27.9,57.5,0.486,17.0,23.5,0.721,12.0,31.9,44.0,19.9,7.6,6.0,15.3,19.3,95.1,0.463,West,2015,0.2739898989898989,False,19.3,49.2,4.3,11.4,21.8,21.2,23.5,2015-2017,Lottery,0.202944269190326,0.5173501577287067,0.21608040201005027,0.5728643216080402
110,3,27.0,Miami Heat,82,240.6,35.2,77.2,0.456,6.8,20.2,0.335,28.4,57.0,0.499,17.5,23.7,0.741,9.1,30.0,39.1,19.8,7.8,4.5,14.8,20.0,94.7,0.451,East,2015,0.2616580310880829,False,21.5,59.2,5.3,13.9,26.2,22.47,28.11,2015-2017,Lottery,0.22703273495248152,0.6251319957761352,0.2676767676767677,0.702020202020202
111,2,28.0,Charlotte Hornets,82,242.7,35.5,84.5,0.42,6.1,19.1,0.318,29.5,65.4,0.45,17.0,22.8,0.748,10.0,34.1,44.1,20.2,6.1,5.5,11.9,18.2,94.2,0.402,East,2015,0.2260355029585799,False,17.3,51.1,6.0,15.0,19.7,18.07,25.92,2015-2017,Lottery,0.18365180467091297,0.5424628450106157,0.297029702970297,0.7425742574257426
112,11,19.0,Detroit Pistons,82,241.8,37.1,85.8,0.432,8.6,24.9,0.344,28.5,60.9,0.468,15.8,22.4,0.703,12.8,32.1,44.9,21.6,7.6,4.7,13.4,19.0,98.5,0.39,East,2015,0.2902097902097902,False,17.6,48.9,9.2,20.7,21.4,20.8,26.77,2015-2017,Lottery,0.1786802030456853,0.4964467005076142,0.4259259259259259,0.9583333333333333
113,18,12.0,Denver Nuggets,82,242.4,37.8,87.3,0.433,8.0,24.8,0.325,29.7,62.5,0.476,17.8,24.3,0.734,12.3,32.4,44.7,21.8,7.8,4.5,14.2,23.0,101.5,0.366,West,2015,0.284077892325315,False,15.2,43.6,9.6,15.7,18.5,17.9,26.75,2015-2017,Lottery,0.1497536945812808,0.42955665024630546,0.4403669724770642,0.720183486238532
114,16,14.0,Sacramento Kings,82,242.1,36.7,80.7,0.455,5.6,16.5,0.341,31.1,64.2,0.484,22.3,29.3,0.762,10.9,33.3,44.2,20.3,6.7,4.0,16.3,20.7,101.3,0.354,West,2015,0.2044609665427509,False,24.1,61.3,5.6,14.0,25.2,20.8,27.08,2015-2017,Lottery,0.23790720631786774,0.6051332675222112,0.27586206896551724,0.689655172413793
115,5,25.0,Orlando Magic,82,240.9,37.5,82.8,0.453,6.8,19.5,0.347,30.8,63.3,0.486,13.9,19.1,0.729,10.0,31.8,41.8,20.6,7.9,3.8,14.9,20.9,95.7,0.305,East,2015,0.2355072463768116,False,19.3,54.3,6.5,12.7,21.5,18.03,24.11,2015-2017,Lottery,0.20167189132706373,0.567398119122257,0.31553398058252424,0.616504854368932
116,12,18.0,Los Angeles Lakers,82,243.0,37.2,85.6,0.435,6.5,18.9,0.344,30.8,66.8,0.461,17.5,23.6,0.741,11.6,32.3,43.9,20.9,7.0,4.5,13.2,21.2,98.5,0.256,West,2015,0.2207943925233645,False,22.3,47.7,5.6,14.2,20.0,18.17,26.44,2015-2017,Lottery,0.22639593908629443,0.484263959390863,0.2679425837320574,0.6794258373205742
117,1,29.0,Philadelphia 76ers,82,241.5,33.7,82.6,0.408,8.4,26.3,0.32,25.3,56.3,0.449,16.1,23.8,0.676,11.9,30.9,42.9,20.5,9.6,5.9,17.7,21.7,92.0,0.22,East,2015,0.3184019370460049,False,16.9,45.4,7.4,20.700000000000003,20.0,18.1,23.65,2015-2017,Lottery,0.18369565217391304,0.4934782608695652,0.3609756097560976,1.0097560975609758
118,0,30.0,New York Knicks,82,242.1,35.1,82.0,0.428,6.8,19.7,0.347,28.3,62.3,0.454,14.8,19.2,0.769,10.6,29.8,40.4,21.3,7.0,4.7,14.7,21.6,91.9,0.207,East,2015,0.2402439024390243,False,24.2,53.8,4.7,11.7,21.5,20.5,27.42,2015-2017,Lottery,0.2633297062023939,0.5854189336235037,0.22065727699530516,0.5492957746478873
119,8,22.0,Minnesota Timberwolves,82,241.5,36.4,83.2,0.438,5.0,14.9,0.332,31.5,68.3,0.461,20.0,25.7,0.776,11.6,29.3,40.9,21.6,8.1,4.0,15.0,19.2,97.8,0.195,West,2015,0.1790865384615384,False,20.0,51.2,8.8,18.8,19.9,19.07,25.84,2015-2017,Lottery,0.20449897750511248,0.523517382413088,0.40740740740740744,0.8703703703703703
134,9,21.0,Chicago Bulls,82,242.7,38.6,87.4,0.441,7.9,21.4,0.371,30.7,66.1,0.464,16.5,21.0,0.787,11.1,35.2,46.3,22.8,6.0,5.7,13.9,18.8,101.6,0.512,East,2016,0.2448512585812356,False,20.9,53.8,4.8,13.6,21.7,19.57,28.07,2015-2017,Lottery,0.20570866141732283,0.5295275590551181,0.21052631578947367,0.5964912280701754
136,21,9.0,Washington Wizards,82,240.9,39.5,85.8,0.46,8.6,24.2,0.358,30.8,61.6,0.501,16.5,22.5,0.73,9.1,32.8,41.8,24.5,8.6,3.9,14.5,20.8,104.1,0.5,East,2016,0.282051282051282,False,19.9,50.8,10.2,16.0,19.8,18.53,28.0,2015-2017,Lottery,0.19116234390009607,0.48799231508165225,0.4163265306122449,0.6530612244897959
138,2,28.0,Utah Jazz,82,243.4,36.1,80.4,0.449,8.5,23.9,0.355,27.6,56.5,0.488,17.1,23.0,0.744,10.7,32.5,43.2,19.0,7.7,5.2,14.9,20.2,97.7,0.488,West,2016,0.2972636815920397,False,19.7,50.6,5.3,11.7,21.6,19.13,24.18,2015-2017,Lottery,0.20163766632548616,0.5179119754350051,0.2789473684210526,0.6157894736842104
139,12,18.0,Orlando Magic,82,242.7,39.5,86.8,0.455,7.8,22.2,0.35,31.8,64.7,0.492,15.2,20.1,0.757,10.3,33.0,43.3,23.6,8.2,5.1,14.1,20.7,102.1,0.427,East,2016,0.2557603686635945,False,18.2,49.6,6.4,14.3,21.1,18.27,25.08,2015-2017,Lottery,0.178256611165524,0.485798237022527,0.2711864406779661,0.6059322033898304
140,10,20.0,Denver Nuggets,82,241.8,37.7,85.4,0.442,8.0,23.7,0.338,29.7,61.7,0.482,18.5,24.1,0.766,11.5,33.1,44.6,22.7,7.4,4.8,14.7,21.0,101.9,0.402,West,2016,0.2775175644028103,False,19.5,46.7,5.5,15.1,21.5,20.5,25.14,2015-2017,Lottery,0.19136408243375858,0.45829244357212956,0.2422907488986784,0.6651982378854625
141,27,3.0,Sacramento Kings,82,241.5,40.0,86.4,0.464,8.0,22.4,0.359,32.0,64.0,0.5,18.5,25.5,0.725,10.6,33.7,44.2,24.5,8.9,4.5,16.2,20.4,106.6,0.402,West,2016,0.2592592592592592,False,26.9,58.1,11.7,19.3,23.6,18.8,26.0,2015-2017,Lottery,0.2523452157598499,0.5450281425891182,0.4775510204081632,0.7877551020408163
142,5,25.0,Milwaukee Bucks,82,241.8,38.4,82.2,0.467,5.4,15.6,0.345,33.0,66.6,0.495,17.0,22.7,0.747,10.5,31.2,41.7,23.1,8.2,5.8,15.2,20.7,99.0,0.402,East,2016,0.1897810218978102,False,18.2,50.39999999999999,5.2,13.7,21.8,19.73,24.78,2015-2017,Lottery,0.18383838383838383,0.509090909090909,0.2251082251082251,0.593073593073593
143,3,27.0,New York Knicks,82,241.5,36.9,84.0,0.439,7.4,21.5,0.346,29.4,62.5,0.471,17.2,21.4,0.805,10.4,34.0,44.4,20.5,5.7,5.7,13.4,19.7,98.4,0.39,East,2016,0.2559523809523809,False,21.8,48.900000000000006,4.2,10.8,20.3,18.53,26.67,2015-2017,Lottery,0.22154471544715446,0.4969512195121952,0.20487804878048782,0.526829268292683
144,17,14.0,New Orleans Pelicans,82,241.2,38.5,85.9,0.448,8.6,23.8,0.36,29.9,62.1,0.482,17.3,22.2,0.776,9.5,33.1,42.6,22.2,7.7,4.2,13.4,20.9,102.7,0.366,West,2016,0.2770663562281723,False,24.3,58.1,7.5,20.1,25.0,21.27,26.19,2015-2017,Lottery,0.23661148977604674,0.5657254138266796,0.33783783783783783,0.9054054054054055
145,15,15.0,Minnesota Timberwolves,82,242.4,37.7,81.3,0.464,5.5,16.4,0.338,32.2,64.9,0.496,21.4,27.0,0.792,10.0,31.5,41.6,23.4,8.0,4.6,15.0,20.7,102.4,0.354,West,2016,0.2017220172201722,False,20.7,53.0,8.7,14.7,22.5,19.07,24.7,2015-2017,Lottery,0.20214843749999997,0.517578125,0.3717948717948718,0.6282051282051282
146,8,22.0,Phoenix Suns,82,240.3,37.2,85.6,0.435,9.0,25.8,0.348,28.2,59.8,0.472,17.5,23.2,0.751,11.5,33.3,44.8,20.7,7.7,3.8,17.2,22.7,100.9,0.28,West,2016,0.3014018691588785,False,20.4,53.8,6.1,13.8,20.0,17.47,26.21,2015-2017,Lottery,0.20218037661050542,0.533201189296333,0.2946859903381642,0.6666666666666667
147,4,26.0,Brooklyn Nets,82,240.9,38.2,84.4,0.453,6.5,18.4,0.352,31.8,66.0,0.481,15.7,20.7,0.757,10.5,31.9,42.4,22.3,7.6,4.0,14.8,18.0,98.6,0.256,East,2016,0.2180094786729857,False,20.6,49.5,7.4,16.200000000000003,21.7,18.63,26.23,2015-2017,Lottery,0.2089249492900609,0.502028397565923,0.33183856502242154,0.7264573991031391
148,0,30.0,Los Angeles Lakers,82,240.6,35.1,84.8,0.414,7.8,24.6,0.317,27.3,60.2,0.454,19.3,24.7,0.781,10.7,32.3,43.0,18.0,7.2,4.1,13.7,20.3,97.3,0.207,West,2016,0.2900943396226415,False,17.6,48.400000000000006,3.4,9.5,17.7,16.67,27.67,2015-2017,Lottery,0.18088386433710177,0.4974306269270299,0.18888888888888888,0.5277777777777778
149,1,29.0,Philadelphia 76ers,82,241.5,36.2,84.0,0.431,9.3,27.5,0.339,26.9,56.5,0.476,15.7,22.6,0.694,9.5,31.8,41.2,21.5,8.3,6.0,16.4,21.7,97.4,0.122,East,2016,0.3273809523809524,False,17.5,45.0,7.0,14.0,22.4,18.57,23.73,2015-2017,Lottery,0.17967145790554415,0.46201232032854206,0.32558139534883723,0.6511627906976745
166,8,22.0,Miami Heat,82,241.2,39.0,85.8,0.455,9.9,27.0,0.365,29.2,58.8,0.496,15.2,21.6,0.706,10.6,33.0,43.6,21.2,7.2,5.7,13.4,20.5,103.2,0.5,East,2017,0.3146853146853147,False,20.3,53.1,5.8,13.8,22.6,19.8,26.08,2015-2017,Lottery,0.19670542635658914,0.5145348837209303,0.27358490566037735,0.6509433962264152
167,27,3.0,Denver Nuggets,82,240.9,41.2,87.7,0.469,10.6,28.8,0.368,30.6,58.9,0.519,18.7,24.2,0.774,11.8,34.6,46.4,25.3,6.9,3.9,15.0,19.1,111.7,0.488,West,2017,0.3283922462941847,False,18.2,50.6,5.1,13.9,26.3,21.33,25.17,2015-2017,Lottery,0.16293643688451206,0.4529991047448523,0.20158102766798416,0.549407114624506
168,4,26.0,Detroit Pistons,82,241.5,39.9,88.8,0.449,7.7,23.4,0.33,32.2,65.5,0.492,13.9,19.3,0.719,11.1,34.6,45.7,21.1,7.0,3.8,11.9,17.9,101.3,0.451,East,2017,0.2635135135135135,False,16.1,44.6,5.2,12.9,20.9,17.57,25.3,2015-2017,Lottery,0.15893385982230998,0.4402764067127345,0.24644549763033174,0.6113744075829384
169,14,16.0,Charlotte Hornets,82,241.8,37.7,85.4,0.442,10.0,28.6,0.351,27.7,56.7,0.488,19.4,23.8,0.815,8.8,34.8,43.6,23.1,7.0,4.8,11.5,16.6,104.9,0.439,East,2017,0.3348946135831381,False,23.2,50.0,5.9,14.0,21.3,18.33,26.91,2015-2017,Lottery,0.221163012392755,0.4766444232602478,0.2554112554112554,0.6060606060606061
170,12,18.0,New Orleans Pelicans,82,242.7,39.1,87.0,0.45,9.4,26.8,0.35,29.8,60.2,0.495,16.7,22.3,0.75,8.6,35.1,43.7,22.8,7.8,5.5,12.9,18.2,104.3,0.415,West,2017,0.3080459770114943,False,28.0,67.8,7.3,17.3,27.5,22.77,26.15,2015-2017,Lottery,0.2684563758389262,0.6500479386385427,0.3201754385964912,0.7587719298245614
171,0,30.0,Dallas Mavericks,82,241.2,36.2,82.3,0.44,10.7,30.2,0.355,25.5,52.2,0.489,14.8,18.5,0.801,7.9,30.7,38.6,20.8,7.5,3.7,11.9,19.1,97.9,0.402,West,2017,0.3669501822600243,False,19.2,46.9,6.9,16.7,19.8,18.33,27.93,2015-2017,Lottery,0.1961184882533197,0.47906026557711945,0.3317307692307692,0.8028846153846153
172,6,24.0,Sacramento Kings,82,242.4,37.9,82.1,0.461,9.0,23.9,0.376,28.9,58.2,0.496,18.1,23.3,0.775,8.7,32.3,41.1,22.5,7.6,4.0,14.6,20.3,102.8,0.39,West,2017,0.2911084043848965,False,27.8,61.6,4.8,14.2,26.5,20.4,27.11,2015-2017,Lottery,0.2704280155642024,0.5992217898832685,0.21333333333333332,0.6311111111111111
173,11,19.0,New York Knicks,82,242.1,39.6,88.5,0.447,8.6,24.7,0.348,31.0,63.8,0.485,16.6,21.1,0.788,12.0,33.2,45.2,21.8,7.1,5.5,13.9,20.3,104.3,0.378,East,2017,0.2790960451977401,False,22.4,58.5,4.9,12.2,20.5,19.13,26.91,2015-2017,Lottery,0.21476510067114093,0.5608820709491851,0.22477064220183487,0.5596330275229358
174,17,13.0,Minnesota Timberwolves,82,241.5,39.5,84.4,0.467,7.3,21.0,0.349,32.1,63.4,0.507,19.3,24.2,0.799,11.4,31.0,42.4,23.7,8.0,4.5,14.0,20.1,105.6,0.378,West,2017,0.2488151658767772,False,25.1,67.6,9.1,14.8,25.9,19.73,24.9,2015-2017,Lottery,0.23768939393939398,0.6401515151515151,0.38396624472573837,0.6244725738396625
175,3,27.0,Orlando Magic,82,241.5,38.3,87.0,0.44,8.5,26.1,0.328,29.7,60.9,0.488,16.0,21.4,0.747,9.8,33.3,43.2,22.2,7.1,4.8,13.3,19.3,101.1,0.354,East,2017,0.3,False,17.2,46.9,6.5,12.3,19.1,17.93,26.27,2015-2017,Lottery,0.17012858555885263,0.4638971315529179,0.2927927927927928,0.5540540540540541
176,5,25.0,Philadelphia 76ers,82,241.8,37.7,85.3,0.442,10.1,29.8,0.34,27.5,55.5,0.496,17.0,22.0,0.771,9.8,33.0,42.8,23.8,8.4,5.1,16.7,21.9,102.4,0.341,East,2017,0.3493552168815944,False,20.2,47.9,6.6,16.0,24.1,21.17,24.29,2015-2017,Lottery,0.19726562499999997,0.46777343749999994,0.27731092436974786,0.6722689075630252
177,13,17.0,Los Angeles Lakers,82,240.3,39.3,87.4,0.45,8.9,25.7,0.346,30.4,61.6,0.493,17.0,22.6,0.754,11.4,32.1,43.5,20.9,8.2,3.9,15.2,20.7,104.6,0.317,West,2017,0.2940503432494279,False,18.6,48.900000000000006,4.8,11.6,23.9,19.07,24.69,2015-2017,Lottery,0.1778202676864245,0.4674952198852773,0.22966507177033493,0.5550239234449761
178,21,9.0,Phoenix Suns,82,241.8,39.9,88.5,0.45,7.5,22.6,0.332,32.4,65.9,0.491,20.4,26.3,0.776,11.9,33.1,45.0,19.6,8.2,4.9,15.4,24.8,107.7,0.293,West,2017,0.255367231638418,False,22.1,57.6,6.3,13.4,20.5,18.87,24.75,2015-2017,Lottery,0.2051996285979573,0.5348189415041783,0.3214285714285714,0.6836734693877551
179,18,12.0,Brooklyn Nets,82,240.9,37.8,85.2,0.444,10.7,31.6,0.338,27.1,53.6,0.506,19.4,24.6,0.788,8.8,35.1,43.9,21.4,7.2,4.7,16.5,21.0,105.8,0.244,East,2017,0.3708920187793427,False,20.5,49.2,5.1,10.8,20.4,19.4,25.47,2015-2017,Lottery,0.19376181474480153,0.4650283553875237,0.2383177570093458,0.5046728971962617
193,24,6.0,Denver Nuggets,82,242.4,40.7,86.6,0.47,11.5,30.9,0.371,29.2,55.7,0.525,17.1,22.3,0.767,11.0,33.5,44.5,25.1,7.6,4.9,15.0,18.7,110.0,0.561,West,2018,0.3568129330254042,False,18.5,52.7,6.1,13.6,24.4,19.77,25.91,2018-2021,Lottery,0.16818181818181818,0.4790909090909091,0.24302788844621512,0.5418326693227091
197,21,9.0,Los Angeles Clippers,82,240.3,40.3,85.4,0.471,9.5,26.8,0.354,30.8,58.6,0.525,19.0,25.5,0.743,10.1,33.7,43.9,22.3,7.7,4.5,14.7,20.0,109.0,0.512,West,2018,0.3138173302107728,False,22.6,64.5,5.4,15.3,24.7,21.77,26.75,2018-2021,Lottery,0.20733944954128442,0.591743119266055,0.242152466367713,0.6860986547085202
198,8,22.0,Detroit Pistons,82,241.5,39.1,86.9,0.45,10.8,28.9,0.373,28.3,58.0,0.488,14.7,19.8,0.745,10.1,33.6,43.7,22.8,7.7,3.9,13.5,18.4,103.8,0.476,East,2018,0.3325661680092059,False,19.8,52.900000000000006,6.2,15.9,22.9,19.37,26.92,2018-2021,Lottery,0.19075144508670522,0.5096339113680155,0.2719298245614035,0.6973684210526315
199,20,10.0,Charlotte Hornets,82,241.2,39.0,86.7,0.45,10.0,27.2,0.369,28.9,59.4,0.487,20.2,27.0,0.747,10.1,35.4,45.5,21.6,6.8,4.5,12.7,17.2,108.2,0.439,East,2018,0.3137254901960784,False,22.1,51.6,5.6,13.4,20.6,19.37,26.7,2018-2021,Lottery,0.20425138632162662,0.47689463955637706,0.25925925925925924,0.6203703703703703
200,19,11.0,Los Angeles Lakers,82,242.7,40.7,88.4,0.461,10.0,29.1,0.345,30.7,59.3,0.517,16.6,23.3,0.714,10.7,35.7,46.4,23.8,7.7,4.7,15.8,21.2,108.1,0.427,West,2018,0.3291855203619909,False,16.1,48.3,7.2,16.099999999999998,19.9,18.73,25.15,2018-2021,Lottery,0.14893617021276598,0.44680851063829785,0.3025210084033613,0.676470588235294
201,12,18.0,New York Knicks,82,241.8,40.7,87.7,0.464,8.2,23.3,0.352,32.5,64.4,0.504,14.9,19.0,0.787,10.5,33.6,44.0,23.3,6.7,5.1,14.7,20.5,104.5,0.354,East,2018,0.2656784492588369,False,22.7,54.3,5.6,14.2,24.0,21.8,25.64,2018-2021,Lottery,0.21722488038277513,0.5196172248803828,0.24034334763948495,0.6094420600858369
202,16,14.0,Brooklyn Nets,82,242.1,38.2,86.8,0.441,12.7,35.7,0.356,25.5,51.1,0.5,17.4,22.6,0.772,9.7,34.8,44.4,23.7,6.2,4.8,15.2,20.6,106.6,0.341,East,2018,0.4112903225806452,False,18.0,47.4,6.6,16.0,17.5,16.77,25.85,2018-2021,Lottery,0.16885553470919326,0.4446529080675422,0.27848101265822783,0.6751054852320675
203,4,26.0,Chicago Bulls,82,242.1,38.7,88.8,0.435,11.0,31.1,0.355,27.6,57.8,0.478,14.6,19.2,0.759,9.6,35.0,44.7,23.5,7.6,3.5,14.0,19.2,102.9,0.329,East,2018,0.3502252252252252,False,16.8,48.9,6.0,15.1,22.0,19.8,24.53,2018-2021,Lottery,0.16326530612244897,0.4752186588921282,0.2553191489361702,0.6425531914893617
204,0,30.0,Sacramento Kings,82,240.9,38.8,86.1,0.45,9.0,24.0,0.375,29.8,62.1,0.479,12.3,16.7,0.735,9.5,31.4,40.9,21.6,7.8,4.1,13.7,20.0,98.8,0.329,West,2018,0.2787456445993032,False,14.5,40.8,4.4,10.5,17.6,17.47,26.71,2018-2021,Lottery,0.14676113360323886,0.4129554655870445,0.20370370370370372,0.4861111111111111
205,6,24.0,Orlando Magic,82,240.6,38.8,85.9,0.452,10.3,29.3,0.351,28.5,56.5,0.504,15.5,20.5,0.757,8.8,32.8,41.6,23.4,7.6,4.9,14.5,19.3,103.4,0.305,East,2018,0.3410942956926658,False,17.8,51.900000000000006,6.3,14.0,19.7,18.1,24.71,2018-2021,Lottery,0.172147001934236,0.5019342359767892,0.2692307692307692,0.5982905982905983
206,5,25.0,Atlanta Hawks,82,240.3,38.2,85.5,0.446,11.2,31.0,0.36,27.0,54.5,0.495,15.8,20.2,0.785,9.1,32.8,41.9,23.7,7.8,4.2,15.6,19.6,103.4,0.293,East,2018,0.3625730994152046,False,19.4,46.4,6.2,12.8,18.3,17.13,25.56,2018-2021,Lottery,0.1876208897485493,0.448742746615087,0.2616033755274262,0.5400843881856541
207,2,28.0,Dallas Mavericks,82,241.5,38.1,85.9,0.444,11.8,32.8,0.36,26.4,53.1,0.496,14.2,18.7,0.763,8.1,33.1,41.3,22.7,7.0,3.8,12.3,19.2,102.3,0.293,West,2018,0.3818393480791617,False,18.9,46.8,6.3,14.2,18.8,17.93,26.8,2018-2021,Lottery,0.18475073313782991,0.4574780058651026,0.2775330396475771,0.6255506607929515
208,1,29.0,Memphis Grizzlies,82,240.3,36.7,82.8,0.444,9.2,26.2,0.352,27.5,56.5,0.486,16.6,21.1,0.786,9.5,31.0,40.5,21.5,7.5,4.8,15.0,23.2,99.3,0.268,West,2018,0.3164251207729469,False,20.1,56.7,5.2,13.7,26.1,21.53,25.75,2018-2021,Lottery,0.20241691842900303,0.5709969788519638,0.24186046511627907,0.6372093023255814
209,9,21.0,Phoenix Suns,82,240.3,38.5,87.1,0.442,9.3,27.9,0.334,29.1,59.2,0.492,17.7,23.9,0.741,10.3,33.9,44.1,21.3,6.9,4.5,15.7,22.0,103.9,0.256,West,2018,0.3203214695752009,False,24.9,60.2,6.2,15.3,21.0,19.5,24.41,2018-2021,Lottery,0.23965351299326274,0.5794032723772858,0.29107981220657275,0.7183098591549296
226,21,9.0,Sacramento Kings,82,240.6,43.2,93.1,0.464,11.3,29.9,0.378,31.9,63.2,0.504,16.5,22.7,0.726,11.0,34.4,45.4,25.4,8.3,4.4,13.4,21.4,114.2,0.476,West,2019,0.3211600429645542,False,20.7,52.9,7.3,13.6,18.9,18.33,24.9,2018-2021,Lottery,0.18126094570928195,0.46322241681260945,0.2874015748031496,0.5354330708661418
227,10,20.0,Charlotte Hornets,82,241.8,40.2,89.8,0.448,11.9,33.9,0.351,28.3,55.8,0.507,18.4,23.1,0.797,9.9,33.9,43.8,23.2,7.2,4.9,12.2,18.9,110.7,0.476,East,2019,0.3775055679287305,False,25.6,51.00000000000001,5.9,12.900000000000002,21.7,18.73,26.45,2018-2021,Lottery,0.23125564588979225,0.4607046070460705,0.25431034482758624,0.5560344827586208
228,4,26.0,Miami Heat,82,240.6,39.6,88.0,0.45,11.3,32.4,0.349,28.3,55.6,0.509,15.1,21.7,0.695,11.2,35.1,46.3,24.3,7.6,5.5,14.7,20.9,105.7,0.476,East,2019,0.3681818181818181,False,16.6,45.3,4.8,13.3,23.5,19.07,27.38,2018-2021,Lottery,0.15704824976348156,0.42857142857142855,0.19753086419753085,0.5473251028806585
229,14,16.0,Los Angeles Lakers,82,241.2,42.6,90.5,0.47,10.3,31.0,0.333,32.2,59.6,0.541,16.3,23.3,0.699,10.2,36.4,46.6,25.6,7.5,5.4,15.7,20.7,111.8,0.451,West,2019,0.3425414364640884,False,27.4,64.39999999999999,8.3,21.700000000000003,25.6,22.3,26.19,2018-2021,Lottery,0.24508050089445438,0.5760286225402503,0.32421875,0.8476562500000001
230,17,13.0,Minnesota Timberwolves,82,241.8,41.6,91.3,0.456,10.1,28.7,0.351,31.5,62.5,0.504,19.1,24.3,0.787,11.3,33.5,44.8,24.6,8.3,5.0,13.1,20.3,112.5,0.439,West,2019,0.3143483023001095,False,24.4,63.8,8.2,17.3,26.3,22.7,27.21,2018-2021,Lottery,0.21688888888888888,0.5671111111111111,0.33333333333333326,0.7032520325203252
231,9,21.0,Dallas Mavericks,82,241.2,38.8,86.9,0.447,12.5,36.6,0.34,26.3,50.2,0.524,18.8,25.3,0.742,10.1,35.2,45.3,23.4,6.5,4.3,14.2,20.1,108.9,0.402,West,2019,0.4211737629459148,False,21.2,54.4,6.0,15.9,20.4,19.33,27.53,2018-2021,Lottery,0.19467401285583102,0.4995408631772268,0.25641025641025644,0.6794871794871795
232,27,3.0,New Orleans Pelicans,82,240.9,43.7,92.2,0.473,10.3,29.9,0.344,33.4,62.4,0.536,17.8,23.4,0.761,11.1,36.2,47.3,27.0,7.4,5.4,14.8,21.1,115.4,0.402,West,2019,0.3242950108459869,False,25.9,68.5,7.7,19.700000000000003,30.3,24.9,25.5,2018-2021,Lottery,0.22443674176776426,0.5935875216637782,0.2851851851851852,0.7296296296296297
233,0,30.0,Memphis Grizzlies,82,242.4,38.0,84.4,0.45,9.9,28.9,0.342,28.1,55.6,0.505,17.7,23.0,0.772,8.8,33.0,41.8,23.9,8.3,5.5,14.0,22.0,103.5,0.402,West,2019,0.3424170616113743,False,21.1,57.1,6.4,16.4,24.4,21.73,27.61,2018-2021,Lottery,0.20386473429951693,0.5516908212560386,0.2677824267782427,0.6861924686192469
234,20,10.0,Washington Wizards,82,243.0,42.1,90.1,0.468,11.3,33.3,0.341,30.8,56.8,0.543,18.4,23.9,0.768,9.7,32.7,42.4,26.3,8.3,4.6,14.1,20.7,114.0,0.39,East,2019,0.369589345172031,False,25.6,61.3,8.7,19.2,21.0,19.93,26.47,2018-2021,Lottery,0.22456140350877193,0.537719298245614,0.3307984790874524,0.7300380228136881
235,18,12.0,Atlanta Hawks,82,242.1,41.4,91.8,0.451,13.0,37.0,0.352,28.4,54.8,0.518,17.6,23.4,0.752,11.6,34.5,46.1,25.8,8.2,5.1,17.0,23.6,113.3,0.354,East,2019,0.4030501089324619,False,19.5,52.1,8.1,14.5,21.8,18.67,25.91,2018-2021,Lottery,0.17210944395410416,0.4598411297440424,0.313953488372093,0.562015503875969
236,3,27.0,Chicago Bulls,82,242.7,39.8,87.9,0.453,9.1,25.9,0.351,30.7,62.0,0.496,16.2,20.7,0.783,8.8,34.1,42.9,21.9,7.4,4.3,14.1,20.3,104.9,0.268,East,2019,0.2946530147895335,False,23.7,62.400000000000006,6.0,15.5,22.5,19.73,23.94,2018-2021,Lottery,0.22592945662535746,0.5948522402287894,0.27397260273972607,0.7077625570776256
237,1,29.0,Cleveland Cavaliers,82,240.9,38.9,87.6,0.444,10.3,29.1,0.355,28.6,58.5,0.488,16.4,20.7,0.792,10.7,31.9,42.7,20.7,6.5,2.4,13.5,20.0,104.5,0.232,East,2019,0.3321917808219178,False,17.0,50.5,4.2,10.4,19.5,18.83,26.63,2018-2021,Lottery,0.16267942583732056,0.48325358851674644,0.2028985507246377,0.5024154589371981
238,7,23.0,Phoenix Suns,82,242.4,40.1,87.4,0.459,9.6,29.3,0.329,30.5,58.1,0.525,17.6,22.7,0.779,9.1,31.3,40.4,23.9,9.0,5.1,15.6,23.6,107.5,0.232,West,2019,0.3352402745995423,False,26.6,61.5,6.8,14.6,20.7,20.47,24.93,2018-2021,Lottery,0.2474418604651163,0.5720930232558139,0.28451882845188287,0.6108786610878661
239,2,28.0,New York Knicks,82,241.2,38.2,88.3,0.433,10.0,29.5,0.34,28.2,58.8,0.479,18.1,23.9,0.759,10.5,34.3,44.7,20.1,6.8,5.1,14.0,20.9,104.6,0.207,East,2019,0.3340883352208381,False,19.1,48.60000000000001,5.4,13.3,22.1,21.97,24.33,2018-2021,Lottery,0.18260038240917784,0.46462715105162533,0.26865671641791045,0.6616915422885572
255,16,14.0,Memphis Grizzlies,73,240.7,42.5,90.9,0.468,10.9,31.5,0.347,31.6,59.4,0.532,16.6,21.8,0.763,10.3,36.2,46.5,26.9,7.9,5.5,15.2,21.2,112.6,0.466,West,2020,0.3465346534653465,False,17.8,51.400000000000006,7.3,14.6,22.2,20.17,25.07,2018-2021,Lottery,0.15808170515097691,0.4564831261101244,0.27137546468401486,0.5427509293680297
256,20,10.0,Phoenix Suns,73,241.0,41.2,88.1,0.468,11.4,31.8,0.358,29.8,56.3,0.529,19.9,23.8,0.834,9.8,33.8,43.5,27.2,7.7,4.0,14.8,22.0,113.6,0.466,West,2020,0.3609534619750284,False,26.6,63.5,8.8,18.3,20.6,19.03,25.25,2018-2021,Lottery,0.2341549295774648,0.5589788732394366,0.3235294117647059,0.6727941176470589
258,22,8.0,San Antonio Spurs,71,242.5,42.2,89.4,0.472,10.7,28.5,0.376,31.5,61.0,0.516,19.0,23.4,0.81,9.0,35.6,44.6,24.7,7.3,5.5,12.6,19.4,114.1,0.451,West,2020,0.3187919463087248,False,22.1,52.6,5.6,13.2,21.6,20.13,26.46,2018-2021,Lottery,0.19368974583698512,0.46099912357581074,0.22672064777327935,0.534412955465587
259,8,22.0,Sacramento Kings,72,242.4,40.9,88.4,0.462,12.7,34.9,0.364,28.2,53.5,0.527,15.7,20.3,0.77,9.7,32.9,42.6,23.8,7.7,4.1,14.5,22.2,110.1,0.431,West,2020,0.3947963800904977,False,21.1,55.4,6.8,13.7,20.6,19.5,27.15,2018-2021,Lottery,0.19164396003633064,0.5031789282470481,0.2857142857142857,0.5756302521008403
260,25,5.0,New Orleans Pelicans,72,242.1,42.6,91.6,0.465,13.6,36.9,0.37,28.9,54.8,0.528,17.1,23.4,0.729,11.1,35.4,46.5,26.8,7.5,5.0,16.4,21.2,115.8,0.417,West,2020,0.4028384279475983,False,23.8,65.4,7.0,17.9,24.1,20.47,25.46,2018-2021,Lottery,0.2055267702936097,0.5647668393782384,0.26119402985074625,0.6679104477611939
261,0,30.0,Charlotte Hornets,65,242.3,37.3,85.9,0.434,12.1,34.3,0.352,25.2,51.6,0.489,16.2,21.6,0.748,11.0,31.8,42.8,23.8,6.6,4.1,14.6,18.8,102.9,0.354,East,2020,0.39930151338766,False,18.2,49.2,7.5,14.6,18.8,16.9,24.92,2018-2021,Lottery,0.1768707482993197,0.478134110787172,0.31512605042016806,0.6134453781512604
262,23,7.0,Washington Wizards,72,241.0,41.5,90.9,0.457,12.0,32.6,0.368,29.5,58.3,0.506,19.4,24.6,0.788,10.2,31.9,42.0,25.0,8.0,4.3,14.2,22.7,114.4,0.347,East,2020,0.3586358635863586,False,30.5,59.4,6.1,14.8,23.2,19.93,25.73,2018-2021,Lottery,0.2666083916083916,0.5192307692307692,0.244,0.5920000000000001
263,3,27.0,Chicago Bulls,65,241.2,39.6,88.6,0.447,12.2,35.1,0.348,27.4,53.5,0.511,15.5,20.5,0.755,10.5,31.4,41.9,23.2,10.0,4.1,15.5,21.8,106.8,0.338,East,2020,0.3961625282167043,False,25.5,53.400000000000006,5.4,13.000000000000002,19.4,16.9,24.5,2018-2021,Lottery,0.23876404494382023,0.5000000000000001,0.2327586206896552,0.560344827586207
264,1,29.0,New York Knicks,66,241.9,40.0,89.3,0.447,9.6,28.4,0.337,30.4,61.0,0.499,16.3,23.5,0.694,12.0,34.5,46.5,22.1,7.6,4.7,14.3,22.2,105.8,0.318,East,2020,0.3180291153415453,False,19.6,53.400000000000006,7.2,13.3,23.5,19.17,25.14,2018-2021,Lottery,0.18525519848771269,0.504725897920605,0.3257918552036199,0.6018099547511312
265,5,25.0,Detroit Pistons,66,241.9,39.3,85.7,0.459,12.0,32.7,0.367,27.3,53.0,0.515,16.6,22.4,0.743,9.8,32.0,41.7,24.1,7.4,4.5,15.3,19.7,107.2,0.303,East,2020,0.3815635939323221,False,18.1,51.7,5.6,14.9,23.2,22.1,26.53,2018-2021,Lottery,0.16884328358208955,0.4822761194029851,0.23236514522821575,0.6182572614107884
266,13,16.0,Atlanta Hawks,67,243.0,40.6,90.6,0.449,12.0,36.1,0.333,28.6,54.5,0.525,18.5,23.4,0.79,9.9,33.4,43.3,24.0,7.8,5.1,16.2,23.1,111.8,0.299,East,2020,0.3984547461368654,False,29.6,66.2,9.3,17.1,23.9,21.63,24.42,2018-2021,Lottery,0.26475849731663686,0.592128801431127,0.3875,0.7125
267,18,12.0,Minnesota Timberwolves,64,243.1,40.4,91.6,0.441,13.3,39.7,0.336,27.1,52.0,0.521,19.1,25.4,0.753,10.5,34.3,44.8,23.8,8.7,5.7,15.3,21.4,113.3,0.297,West,2020,0.4334061135371179,False,26.5,70.6,6.6,17.9,26.5,20.73,25.06,2018-2021,Lottery,0.23389232127096204,0.6231244483671667,0.27731092436974786,0.7521008403361343
268,4,26.0,Cleveland Cavaliers,65,241.9,40.3,87.9,0.458,11.2,31.8,0.351,29.1,56.1,0.519,15.1,19.9,0.758,10.8,33.4,44.2,23.1,6.9,3.2,16.5,18.3,106.9,0.292,East,2020,0.3617747440273037,False,20.8,55.900000000000006,3.9,10.1,21.1,19.2,25.0,2018-2021,Lottery,0.19457436856875585,0.5229186155285314,0.1688311688311688,0.4372294372294372
269,2,28.0,Golden State Warriors,65,241.9,38.6,88.2,0.438,10.4,31.3,0.334,28.2,56.9,0.495,18.7,23.2,0.803,10.0,32.9,42.8,25.6,8.2,4.6,14.9,20.1,106.3,0.231,West,2020,0.354875283446712,False,23.6,63.8,6.6,19.0,21.7,20.1,24.59,2018-2021,Lottery,0.2220131702728128,0.6001881467544685,0.25781249999999994,0.7421875
283,17,13.0,Golden State Warriors,72,240.3,41.3,88.2,0.468,14.6,38.7,0.376,26.7,49.4,0.541,16.6,21.1,0.785,8.0,35.1,43.0,27.7,8.2,4.8,15.0,21.2,113.7,0.542,West,2021,0.4387755102040817,False,32.0,66.0,8.9,17.5,26.3,18.8,26.38,2018-2021,Lottery,0.2814423922603342,0.5804749340369393,0.3212996389891697,0.631768953068592
286,23,7.0,Indiana Pacers,72,242.4,43.3,91.2,0.474,12.3,34.0,0.364,30.9,57.3,0.54,16.4,20.7,0.792,9.0,33.7,42.7,27.4,8.5,6.4,13.5,20.2,115.3,0.472,East,2021,0.3728070175438596,False,21.2,62.2,6.7,19.200000000000003,20.6,18.63,26.46,2018-2021,Lottery,0.18386816999132696,0.5394622723330442,0.24452554744525548,0.7007299270072994
288,10,20.0,San Antonio Spurs,72,242.8,41.9,90.5,0.462,9.9,28.4,0.35,31.9,62.1,0.514,17.4,22.0,0.792,9.3,34.6,43.9,24.4,7.0,5.1,11.4,18.0,111.1,0.458,West,2021,0.3138121546961326,False,21.6,52.7,6.9,15.8,22.0,18.67,26.82,2018-2021,Lottery,0.19441944194419444,0.4743474347434744,0.2827868852459017,0.6475409836065574
289,7,23.0,Charlotte Hornets,72,241.0,39.9,87.8,0.455,13.7,37.0,0.369,26.3,50.8,0.517,15.9,20.9,0.761,10.6,33.2,43.8,26.8,7.8,4.8,14.8,18.0,109.5,0.458,East,2021,0.4214123006833713,False,20.4,55.7,6.1,15.7,18.2,17.77,25.08,2018-2021,Lottery,0.18630136986301368,0.508675799086758,0.22761194029850745,0.585820895522388
290,18,12.0,Sacramento Kings,72,240.3,42.6,88.6,0.481,12.1,33.3,0.364,30.5,55.3,0.551,16.4,22.0,0.745,9.4,32.0,41.4,25.5,7.5,5.0,13.4,19.4,113.7,0.431,West,2021,0.3758465011286682,False,25.2,57.9,7.2,16.1,20.7,20.03,26.36,2018-2021,Lottery,0.22163588390501318,0.5092348284960422,0.2823529411764706,0.6313725490196079
291,9,21.0,Chicago Bulls,72,241.4,42.2,88.6,0.476,12.6,34.0,0.37,29.6,54.6,0.542,13.8,17.5,0.791,9.6,35.3,45.0,26.8,6.7,4.2,15.1,18.9,110.7,0.431,East,2021,0.3837471783295711,False,27.4,64.0,4.9,14.4,21.8,21.2,25.85,2018-2021,Lottery,0.24751580849141822,0.5781391147244805,0.1828358208955224,0.5373134328358209
292,21,9.0,New Orleans Pelicans,72,242.1,42.5,89.1,0.477,10.6,30.4,0.348,31.9,58.6,0.544,19.0,26.1,0.729,11.7,35.7,47.4,26.0,7.6,4.4,14.6,18.0,114.6,0.431,West,2021,0.3411896745230078,False,27.0,65.39999999999999,5.7,14.400000000000002,27.1,21.97,25.33,2018-2021,Lottery,0.2356020942408377,0.5706806282722513,0.21923076923076923,0.5538461538461539
293,11,19.0,Toronto Raptors,72,240.3,39.7,88.7,0.448,14.5,39.3,0.368,25.3,49.3,0.512,17.4,21.3,0.815,9.4,32.1,41.6,24.1,8.6,5.4,13.2,21.2,111.3,0.375,East,2021,0.4430665163472378,False,21.4,60.6,7.3,18.1,21.9,19.1,26.21,2018-2021,Lottery,0.19227313566936208,0.5444743935309974,0.3029045643153527,0.7510373443983402
294,12,18.0,Minnesota Timberwolves,72,241.7,40.7,90.9,0.448,13.1,37.6,0.349,27.6,53.3,0.518,17.6,23.1,0.761,10.5,33.0,43.5,25.6,8.8,5.5,14.3,20.9,112.1,0.319,West,2021,0.4136413641364136,False,24.8,63.7,6.4,16.7,23.1,19.63,23.0,2018-2021,Lottery,0.22123104371097235,0.568242640499554,0.25,0.6523437499999999
295,2,28.0,Oklahoma City Thunder,72,241.0,38.8,88.0,0.441,11.9,35.1,0.339,26.9,52.9,0.509,15.5,21.3,0.725,9.9,35.7,45.6,22.1,7.0,4.4,16.1,18.1,105.0,0.306,West,2021,0.3988636363636363,False,23.7,51.9,5.9,13.0,21.6,20.27,23.6,2018-2021,Lottery,0.2257142857142857,0.4942857142857143,0.2669683257918552,0.588235294117647
296,0,30.0,Cleveland Cavaliers,72,242.1,38.6,85.8,0.45,10.0,29.7,0.336,28.6,56.0,0.51,16.7,22.4,0.743,10.4,32.3,42.8,23.8,7.8,4.5,15.5,18.2,103.8,0.306,East,2021,0.3461538461538461,False,24.3,59.2,6.1,15.0,20.5,20.2,25.53,2018-2021,Lottery,0.2341040462427746,0.5703275529865126,0.25630252100840334,0.6302521008403361
297,1,29.0,Orlando Magic,72,240.7,38.3,89.2,0.429,10.9,31.8,0.343,27.4,57.4,0.476,16.6,21.4,0.775,10.4,35.1,45.4,21.8,6.9,4.4,12.8,17.2,104.0,0.292,East,2021,0.3565022421524663,False,24.5,59.8,5.4,13.8,23.5,20.33,25.35,2018-2021,Lottery,0.23557692307692307,0.575,0.24770642201834864,0.6330275229357798
298,3,27.0,Detroit Pistons,72,242.1,38.7,85.6,0.452,11.6,32.9,0.351,27.1,52.7,0.515,17.8,23.4,0.759,9.6,33.1,42.7,24.2,7.4,5.2,14.9,20.5,106.6,0.278,East,2021,0.3843457943925233,False,22.3,49.9,5.5,15.8,18.7,17.7,24.72,2018-2021,Lottery,0.20919324577861165,0.46810506566604126,0.2272727272727273,0.6528925619834711
299,6,24.0,Houston Rockets,72,240.3,39.3,88.5,0.444,13.8,40.6,0.339,25.5,47.9,0.532,16.5,22.3,0.74,9.3,33.3,42.6,23.6,7.6,5.0,14.7,19.5,108.8,0.236,West,2021,0.4587570621468926,False,24.8,67.0,10.4,23.6,22.4,22.0,26.62,2018-2021,Lottery,0.22794117647058826,0.6158088235294118,0.4406779661016949,1.0
